username,caption,location_url,location_name,location_id,latitude,longitude,date,likes,followers,poi_name,poi_type
wanderwithmia,"Golden hour stroll through Phoenix Park — deer sightings and peaceful paths. Wunderschön! 🌿✨ #Dublin #PhoenixPark #Ireland #park","https://www.google.com/maps/search/?api=1&query=Phoenix+Park+Dublin","Phoenix Park","dublin_phoenix_park",53.356,-6.333,2025-01-05,1842,382000,"Phoenix Park","park"
nomadic_nik,"Museum morning at the National Gallery of Ireland — so many masterpieces. Kunst & Kaffee afterwards ☕️🎨 #NationalGallery #Dublin","https://www.google.com/maps/search/?api=1&query=National+Gallery+of+Ireland+Dublin","National Gallery of Ireland","dublin_national_gallery",53.34,-6.252,2025-01-06,1320,245000,"National Gallery of Ireland","museum"
globe_greta,"Sandymount Beach sunrise — calm waves, soft light, pure bliss. Sonnenaufgang ftw 🌅🌊 #Sandymount #Strand #Dublin","https://www.google.com/maps/search/?api=1&query=Sandymount+Beach+Dublin","Sandymount Beach","dublin_sandymount_beach",53.321,-6.204,2025-01-08,2210,318000,"Sandymount Beach","beach"
roams_with_raj,"Howth Cliff Walk delivered those epic views — breezy and beautiful. Aussicht mega! 🥾🌊 #Howth #CliffWalk","https://www.google.com/maps/search/?api=1&query=Howth+Cliff+Walk+Dublin","Howth Cliff Walk","dublin_howth_cliff_walk",53.387,-6.063,2025-01-09,1987,208000,"Howth Cliff Walk","viewpoint"
travel_toni,"Temple Bar Food Market for local bites — fresh bread, cheeses, so lecker! 🥖🧀 #TempleBar #MarketDay","https://www.google.com/maps/search/?api=1&query=Temple+Bar+Food+Market+Dublin","Temple Bar Food Market","dublin_temple_bar_food_market",53.345,-6.266,2025-01-10,1540,167000,"Temple Bar Food Market","market"
wanderwithmia,"Quiet moments at St Stephen’s Green — winter colors and crisp air. Herrlich. 🍃🍂 #StStephensGreen #ParkLife","https://www.google.com/maps/search/?api=1&query=St+Stephen%27s+Green+Dublin","St Stephen's Green","dublin_st_stephens_green",53.339,-6.261,2025-01-12,1765,382000,"St Stephen's Green","park"
nomadic_nik,"Espresso perfection at 3fe — minimal vibes, max flavor. Kaffee goals ☕️👌 #3fe #DublinCafe","https://www.google.com/maps/search/?api=1&query=3fe+Grand+Canal+Dublin","3fe Grand Canal","dublin_3fe_grand_canal",53.337,-6.243,2025-01-14,1204,245000,"3fe Grand Canal","cafe"
globe_greta,"The long room at Trinity College — book lover’s dream. Bibliothek vibes 📚💚 #Trinity #LongRoom","https://www.google.com/maps/search/?api=1&query=Trinity+College+Long+Room+Dublin","Trinity College - The Long Room","dublin_trinity_long_room",53.343,-6.254,2025-01-16,2433,318000,"Trinity College - The Long Room","museum"
roams_with_raj,"Guinness Storehouse tour — history, brewing, and rooftop views. Prost/Sláinte! 🍺🏛️ #GuinnessStorehouse","https://www.google.com/maps/search/?api=1&query=Guinness+Storehouse+Dublin","Guinness Storehouse","dublin_guinness_storehouse",53.341,-6.286,2025-01-18,2654,208000,"Guinness Storehouse","museum"
travel_toni,"EPIC The Irish Emigration Museum — stories that move you. So gut gemacht! 🎟️🌍 #EPIC #Museum","https://www.google.com/maps/search/?api=1&query=EPIC+The+Irish+Emigration+Museum+Dublin","EPIC The Irish Emigration Museum","dublin_epic_museum",53.348,-6.241,2025-01-19,1411,167000,"EPIC The Irish Emigration Museum","museum"
wanderwithmia,"Ha’penny Bridge at twilight — reflections and city romance. Lieb ich. 🌉✨ #HapennyBridge #Dublin","https://www.google.com/maps/search/?api=1&query=Ha%27penny+Bridge+Dublin","Ha'penny Bridge","dublin_hapenny_bridge",53.346,-6.262,2025-01-21,1901,382000,"Ha'penny Bridge","monument"
nomadic_nik,"Chapter One dinner — creative plates, warm service. Feels special. 🍽️⭐️ #ChapterOne #Restaurant","https://www.google.com/maps/search/?api=1&query=Chapter+One+Dublin","Chapter One","dublin_chapter_one",53.353,-6.264,2025-01-23,1738,245000,"Chapter One","restaurant"
globe_greta,"Iveagh Gardens — hidden gem in the city. Ruhe mitten im Trubel. 🌿✨ #IveaghGardens #Park","https://www.google.com/maps/search/?api=1&query=Iveagh+Gardens+Dublin","Iveagh Gardens","dublin_iveagh_gardens",53.334,-6.262,2025-01-25,1602,318000,"Iveagh Gardens","park"
roams_with_raj,"National Museum of Ireland - Archaeology — gold, bog bodies, stories. Faszinierend! 🏺 #Archaeology","https://www.google.com/maps/search/?api=1&query=National+Museum+of+Ireland+Archaeology+Dublin","National Museum of Ireland - Archaeology","dublin_nmi_archaeology",53.3395,-6.255,2025-01-27,1490,208000,"National Museum of Ireland - Archaeology","museum"
travel_toni,"Bewley’s on Grafton Street — ornate interiors and perfect scones. Kaffee & Kuchen vibes ☕️🥐 #Bewleys","https://www.google.com/maps/search/?api=1&query=Bewley%27s+Grafton+Street+Dublin","Bewley's Grafton Street","dublin_bewleys_grafton",53.341,-6.259,2025-01-29,1682,167000,"Bewley's Grafton Street","cafe"
wanderwithmia,"Dublin Castle courtyard — textures, colors, and calm corners. Schlossmomente. 🏰🌤️ #DublinCastle","https://www.google.com/maps/search/?api=1&query=Dublin+Castle+Dublin","Dublin Castle","dublin_dublin_castle",53.343,-6.267,2025-02-01,2005,382000,"Dublin Castle","palace"
nomadic_nik,"Kaph flat white — tiny spot, massive flavor. Perfekt für eine kurze Pause. ☕️💥 #Kaph #Coffee","https://www.google.com/maps/search/?api=1&query=Kaph+Dublin","Kaph","dublin_kaph_cafe",53.342,-6.263,2025-02-03,1189,245000,"Kaph","cafe"
globe_greta,"Croke Park Skyline Tour — urban panorama, wind in the hair. Aussicht top! 🏟️🌆 #CrokePark","https://www.google.com/maps/search/?api=1&query=Croke+Park+Skyline+Tour+Dublin","Croke Park Skyline","dublin_croke_park_skyline",53.36,-6.249,2025-02-05,2352,318000,"Croke Park Skyline","viewpoint"
roams_with_raj,"Kilmainham Gaol — haunting history and powerful stories. Gänsehaut. 🗝️ #Kilmainham #Museum","https://www.google.com/maps/search/?api=1&query=Kilmainham+Gaol+Dublin","Kilmainham Gaol","dublin_kilmainham_gaol",53.342,-6.309,2025-02-07,2120,208000,"Kilmainham Gaol","museum"
travel_toni,"George’s Street Arcade — vintage finds and local designers. Shopping Spaß! 🛍️ #GeorgesStreetArcade","https://www.google.com/maps/search/?api=1&query=George%27s+Street+Arcade+Dublin","George's Street Arcade","dublin_georges_st_arcade",53.342,-6.264,2025-02-09,1564,167000,"George's Street Arcade","market"
wanderwithmia,"St Patrick’s Cathedral — soaring spires and quiet pews. Andacht & Architektur. ⛪️💫 #StPatricks","https://www.google.com/maps/search/?api=1&query=St+Patrick%27s+Cathedral+Dublin","St Patrick’s Cathedral","dublin_st_patricks_cathedral",53.339,-6.271,2025-02-11,1777,382000,"St Patrick’s Cathedral","church"
nomadic_nik,"The Winding Stair — river views and comforting dishes. Gemütlich essen. 🍴🌉 #WindingStair","https://www.google.com/maps/search/?api=1&query=The+Winding+Stair+Dublin","The Winding Stair","dublin_winding_stair",53.346,-6.263,2025-02-13,1654,245000,"The Winding Stair","restaurant"
globe_greta,"EPIC Museum revisit — interactive exhibits that stick with you. Lernen macht Spaß. 🎧📜 #EPIC","https://www.google.com/maps/search/?api=1&query=EPIC+The+Irish+Emigration+Museum+Dublin","EPIC The Irish Emigration Museum","dublin_epic_museum",53.348,-6.241,2025-02-15,1981,318000,"EPIC The Irish Emigration Museum","museum"
roams_with_raj,"The Spire — modern marker in the city center. Treffpunkt! 📍✨ #TheSpire #OConnellStreet","https://www.google.com/maps/search/?api=1&query=The+Spire+Dublin","The Spire","dublin_the_spire",53.349,-6.26,2025-02-16,1512,208000,"The Spire","monument"
travel_toni,"Queen of Tarts — sweet treats and cozy vibes. Kuchenliebe! 🧁❤️ #QueenOfTarts","https://www.google.com/maps/search/?api=1&query=Queen+of+Tarts+Dublin","Queen of Tarts","dublin_queen_of_tarts",53.344,-6.267,2025-02-18,1724,167000,"Queen of Tarts","cafe"
wanderwithmia,"National Botanic Gardens — glasshouses, lush paths, winter greens. 🌱🌿 #BotanicGardens","https://www.google.com/maps/search/?api=1&query=National+Botanic+Gardens+Dublin","National Botanic Gardens","dublin_botanic_gardens",53.372,-6.268,2025-02-20,1888,382000,"National Botanic Gardens","park"
nomadic_nik,"Jameson Distillery Bow St. — tasting flight and stories. Prost! 🥃🏭 #Jameson #BowSt","https://www.google.com/maps/search/?api=1&query=Jameson+Distillery+Bow+St.+Dublin","Jameson Distillery Bow St.","dublin_jameson_bow_st",53.349,-6.277,2025-02-21,1960,245000,"Jameson Distillery Bow St.","museum"
globe_greta,"Powerscourt Townhouse Centre — design, craft, and coffee stops. Schön & stilvoll. 🛍️☕️ #Powerscourt","https://www.google.com/maps/search/?api=1&query=Powerscourt+Townhouse+Centre+Dublin","Powerscourt Townhouse Centre","dublin_powerscourt_townhouse",53.341,-6.265,2025-02-23,1422,318000,"Powerscourt Townhouse Centre","shopping"
roams_with_raj,"Chester Beatty — manuscripts, art, and quiet contemplation. Kultur pur. 📜🖼️ #ChesterBeatty","https://www.google.com/maps/search/?api=1&query=Chester+Beatty+Dublin","Chester Beatty","dublin_chester_beatty",53.343,-6.269,2025-02-25,1509,208000,"Chester Beatty","museum"
travel_toni,"The Brazen Head — old-school pub charm, hearty fare. Gute Stimmung! 🍻🍲 #BrazenHead","https://www.google.com/maps/search/?api=1&query=The+Brazen+Head+Dublin","The Brazen Head","dublin_brazen_head",53.343,-6.279,2025-02-27,1695,167000,"The Brazen Head","bar"
wanderwithmia,"Howth Summit — cliffs, sea, and sky. Pure horizon. Aussicht zum Verlieben. 🌊⛰️ #HowthSummit","https://www.google.com/maps/search/?api=1&query=Howth+Summit+Dublin","Howth Summit","dublin_howth_summit",53.392,-6.065,2025-03-01,2104,382000,"Howth Summit","viewpoint"
nomadic_nik,"The Custom House — neoclassical lines by the Liffey. Architektur liebe. 🏛️🌊 #CustomHouse","https://www.google.com/maps/search/?api=1&query=The+Custom+House+Dublin","The Custom House","dublin_custom_house",53.349,-6.246,2025-03-03,1377,245000,"The Custom House","monument"
globe_greta,"Brother Hubbard — brunch heaven, warm spices. Lecker & gemütlich. 🍳☕️ #BrotherHubbard","https://www.google.com/maps/search/?api=1&query=Brother+Hubbard+Dublin","Brother Hubbard","dublin_brother_hubbard",53.345,-6.265,2025-03-05,1803,318000,"Brother Hubbard","cafe"
roams_with_raj,"Dublin Zoo — playful penguins and big cats chilling. Familienzeit! 🐧🦁 #DublinZoo","https://www.google.com/maps/search/?api=1&query=Dublin+Zoo+Dublin","Dublin Zoo","dublin_dublin_zoo",53.353,-6.305,2025-03-06,1974,208000,"Dublin Zoo","other"
travel_toni,"The Long Hall — ornate interiors, perfect pints. Klassisch schön. 🍺🎩 #TheLongHall","https://www.google.com/maps/search/?api=1&query=The+Long+Hall+Dublin","The Long Hall","dublin_the_long_hall",53.34,-6.265,2025-03-08,1586,167000,"The Long Hall","bar"
wanderwithmia,"Little Museum of Dublin — quirky tales, intimate vibe. So charmant. 🖼️📚 #LittleMuseum","https://www.google.com/maps/search/?api=1&query=Little+Museum+of+Dublin+Dublin","Little Museum of Dublin","dublin_little_museum",53.339,-6.258,2025-03-10,1760,382000,"Little Museum of Dublin","museum"
nomadic_nik,"Grafton Street — buskers, boutiques, and a sunny afternoon. Einkaufen & Musik 🎶🛍️ #GraftonStreet","https://www.google.com/maps/search/?api=1&query=Grafton+Street+Dublin","Grafton Street","dublin_grafton_street",53.341,-6.259,2025-03-12,1620,245000,"Grafton Street","shopping"
globe_greta,"The Cobblestone — trad tunes and cozy corners. Musikabend! 🎻🍻 #Cobblestone","https://www.google.com/maps/search/?api=1&query=The+Cobblestone+Dublin","The Cobblestone","dublin_the_cobblestone",53.349,-6.277,2025-03-14,1742,318000,"The Cobblestone","bar"
roams_with_raj,"Christ Church Cathedral — arches and history under warm light. Andächtig. ⛪️✨ #ChristChurch","https://www.google.com/maps/search/?api=1&query=Christ+Church+Cathedral+Dublin","Christ Church Cathedral","dublin_christ_church",53.343,-6.272,2025-03-15,1595,208000,"Christ Church Cathedral","church"
travel_toni,"The Grand Social — riverside beats and friendly faces. Tanzlaune! 🎧🎉 #GrandSocial","https://www.google.com/maps/search/?api=1&query=The+Grand+Social+Dublin","The Grand Social","dublin_grand_social",53.347,-6.263,2025-03-17,1688,167000,"The Grand Social","club"
wanderwithmia,"Great South Wall to Poolbeg Lighthouse — long walk, big skies. Freiheitsgefühl. 🚶‍♀️🌊 #Poolbeg","https://www.google.com/maps/search/?api=1&query=Poolbeg+Lighthouse+Dublin","Poolbeg Lighthouse","dublin_poolbeg_lighthouse",53.333,-6.127,2025-03-19,2141,382000,"Poolbeg Lighthouse","monument"
nomadic_nik,"Henry Street — quick browse, local brands, and street snacks. Schnell & schön. 🛍️🌭 #HenryStreet","https://www.google.com/maps/search/?api=1&query=Henry+Street+Dublin","Henry Street","dublin_henry_street",53.349,-6.263,2025-03-21,1451,245000,"Henry Street","shopping"
globe_greta,"Etto — refined flavors, intimate dining. Einfach großartig. 🍷🍝 #Etto #DublinFood","https://www.google.com/maps/search/?api=1&query=Etto+Dublin","Etto","dublin_etto_restaurant",53.337,-6.252,2025-03-23,1824,318000,"Etto","restaurant"
roams_with_raj,"Malahide Castle — gardens and old stones, a calm afternoon. Schloss vibes. 🌳🏰 #Malahide","https://www.google.com/maps/search/?api=1&query=Malahide+Castle+Dublin","Malahide Castle","dublin_malahide_castle",53.423,-6.153,2025-03-24,1709,208000,"Malahide Castle","palace"
travel_toni,"Phoenix Park & Dublin Zoo combo — perfect day out! Hauptspot: Phoenix Park. 🦌🌿 #ParkDay","https://www.google.com/maps/search/?api=1&query=Phoenix+Park+Dublin","Phoenix Park","dublin_phoenix_park",53.356,-6.333,2025-03-26,2011,167000,"Phoenix Park","park"
wanderwithmia,"Portmarnock Beach — wide sands, fresh breeze, quiet steps. Strandliebe. 🌊👣 #Portmarnock","https://www.google.com/maps/search/?api=1&query=Portmarnock+Beach+Dublin","Portmarnock Beach","dublin_portmarnock_beach",53.423,-6.121,2025-03-28,1890,382000,"Portmarnock Beach","beach"
nomadic_nik,"The Church — unique setting for a drink and a chat. Außergewöhnlich! 🍸⛪️ #TheChurch","https://www.google.com/maps/search/?api=1&query=The+Church+Dublin","The Church","dublin_the_church_bar",53.35,-6.265,2025-03-30,1559,245000,"The Church","bar"
globe_greta,"National Gallery afternoon — Irish art that sings. Kulturzeit. 🎨💚 #NationalGallery","https://www.google.com/maps/search/?api=1&query=National+Gallery+of+Ireland+Dublin","National Gallery of Ireland","dublin_national_gallery",53.34,-6.252,2025-04-01,1760,318000,"National Gallery of Ireland","museum"
roams_with_raj,"George’s Street Arcade — records, rings, and retro tees. Fundstücke! 💿💍👕 #Arcade","https://www.google.com/maps/search/?api=1&query=George%27s+Street+Arcade+Dublin","George's Street Arcade","dublin_georges_st_arcade",53.342,-6.264,2025-04-02,1618,208000,"George's Street Arcade","market"
travel_toni,"St Stephen’s Green — lunch on the lawn, birdsong soundtrack. Mittagsruhe. 🥪🐦 #Park","https://www.google.com/maps/search/?api=1&query=St+Stephen%27s+Green+Dublin","St Stephen's Green","dublin_st_stephens_green",53.339,-6.261,2025-04-04,1499,167000,"St Stephen's Green","park"
nomadic_nik,"OMG Phoenix Park deer were so close 😍🌿 more emojis, more fun!! #deer #park #Dublin #irln #wander","https://www.google.com/maps/search/?api=1&query=Phoenix+Park+Dublin","Phoenix Park","dublin_phoenix_park",53.356,-6.333,2025-04-06,2310,245000,"Phoenix Park","park"
globe_greta,"Beach day @ Dollymount Strand 🏖️✨ wind in hair, sand everywhere lol. Schön! #strand #sea #Dublin","https://www.google.com/maps/search/?api=1&query=Dollymount+Strand+Dublin","Dollymount Strand","dublin_dollymount_strand",53.363,-6.174,2025-04-07,2489,318000,"Dollymount Strand","beach"
roams_with_raj,"Cafe hop: Bewley’s ➜ Kaph ➜ 3fe ☕️🔥 caffeine squad assemble! Hauptspot: Bewley’s #coffee #cafe","https://www.google.com/maps/search/?api=1&query=Bewley%27s+Grafton+Street+Dublin","Bewley's Grafton Street","dublin_bewleys_grafton",53.341,-6.259,2025-04-09,2102,208000,"Bewley's Grafton Street","cafe"
travel_toni,"Temple Bar vibes + The Cobblestone tunes 🎻🍻 so good, so laut (aber gut)! #pubnight #trad","https://www.google.com/maps/search/?api=1&query=The+Cobblestone+Dublin","The Cobblestone","dublin_the_cobblestone",53.349,-6.277,2025-04-10,1877,167000,"The Cobblestone","bar"
wanderwithmia,"Howth cliffs >>> mind blown 🌊💙 Feet tired, heart full. Aussicht megaaa #howth #views #hike","https://www.google.com/maps/search/?api=1&query=Howth+Cliff+Walk+Dublin","Howth Cliff Walk","dublin_howth_cliff_walk",53.387,-6.063,2025-04-12,2622,382000,"Howth Cliff Walk","viewpoint"
nomadic_nik,"Guinness Storehouse rooftop pour — perfect head 😅🍺 sláinte! #guinness #museum #beerlover","https://www.google.com/maps/search/?api=1&query=Guinness+Storehouse+Dublin","Guinness Storehouse","dublin_guinness_storehouse",53.341,-6.286,2025-04-14,2395,245000,"Guinness Storehouse","museum"
globe_greta,"Quick stop @ The Winding Stair 🍽️✨ cozy food, river views. Gscheit gut! #foodie #liffey","https://www.google.com/maps/search/?api=1&query=The+Winding+Stair+Dublin","The Winding Stair","dublin_winding_stair",53.346,-6.263,2025-04-15,1810,318000,"The Winding Stair","restaurant"
roams_with_raj,"Malahide Castle + beach strolls nearby 😎🏰🌊 multitour! Hauptspot: Malahide Castle #castle #daytrip","https://www.google.com/maps/search/?api=1&query=Malahide+Castle+Dublin","Malahide Castle","dublin_malahide_castle",53.423,-6.153,2025-04-17,1994,208000,"Malahide Castle","palace"
travel_toni,"EPIC museum again bc interactive = fun 🎧🇮🇪 tbh could spend hrs! #EPIC #history","https://www.google.com/maps/search/?api=1&query=EPIC+The+Irish+Emigration+Museum+Dublin","EPIC The Irish Emigration Museum","dublin_epic_museum",53.348,-6.241,2025-04-18,1655,167000,"EPIC The Irish Emigration Museum","museum"
wanderwithmia,"Poolbeg Lighthouse walk ~ windy hair, big smiles 🤪🌬️🌊 Def worth it. #poolbeg #sea #walk","https://www.google.com/maps/search/?api=1&query=Poolbeg+Lighthouse+Dublin","Poolbeg Lighthouse","dublin_poolbeg_lighthouse",53.333,-6.127,2025-04-20,2551,382000,"Poolbeg Lighthouse","monument"
nomadic_nik,"Jameson tasting flight 🥃🔥 fave was the caskmates (glaube ich lol). Prost! #jameson #bowst","https://www.google.com/maps/search/?api=1&query=Jameson+Distillery+Bow+St.+Dublin","Jameson Distillery Bow St.","dublin_jameson_bow_st",53.349,-6.277,2025-04-22,2203,245000,"Jameson Distillery Bow St.","museum"
globe_greta,"Phoenix Park picnics + deer photo ops 🦌📸 chill & sonnig! #parkday #Dublin #grün","https://www.google.com/maps/search/?api=1&query=Phoenix+Park+Dublin","Phoenix Park","dublin_phoenix_park",53.356,-6.333,2025-04-23,2058,318000,"Phoenix Park","park"
roams_with_raj,"Night out: Pygmalion then Opium 💃🎶 vibes on point! Hauptspot: Pygmalion #club #dance #Dublin","https://www.google.com/maps/search/?api=1&query=Pygmalion+Dublin","Pygmalion","dublin_pygmalion",53.34,-6.259,2025-04-25,1768,208000,"Pygmalion","club"
travel_toni,"Grafton Street busker had us all dancing 😂🎸💚 so viel Freude! #music #streetlife","https://www.google.com/maps/search/?api=1&query=Grafton+Street+Dublin","Grafton Street","dublin_grafton_street",53.341,-6.259,2025-04-26,1522,167000,"Grafton Street","shopping"
wanderwithmia,"Stormy skies at Dollymount Strand, but vibes high ⚡️🏖️ Seeluft! #strand #wind","https://www.google.com/maps/search/?api=1&query=Dollymount+Strand+Dublin","Dollymount Strand","dublin_dollymount_strand",53.363,-6.174,2025-04-28,2344,382000,"Dollymount Strand","beach"
nomadic_nik,"Etto date night 🍷🍝 minimal, elegant, sooo lecker. tbh fav spot rn. #etto #date","https://www.google.com/maps/search/?api=1&query=Etto+Dublin","Etto","dublin_etto_restaurant",53.337,-6.252,2025-04-30,1917,245000,"Etto","restaurant"
globe_greta,"Christ Church morning light ⛪️✨ foto stop, dann Kaffee. Schön ruhig. #church #licht","https://www.google.com/maps/search/?api=1&query=Christ+Church+Cathedral+Dublin","Christ Church Cathedral","dublin_christ_church",53.343,-6.272,2025-05-01,1699,318000,"Christ Church Cathedral","church"
roams_with_raj,"National Museum Archaeology — quick deep dive, then Henry Street shopping 🛍️ Hauptspot: Museum #culture","https://www.google.com/maps/search/?api=1&query=National+Museum+of+Ireland+Archaeology+Dublin","National Museum of Ireland - Archaeology","dublin_nmi_archaeology",53.3395,-6.255,2025-05-03,1733,208000,"National Museum of Ireland - Archaeology","museum"
travel_toni,"Brother Hubbard breakfast club 🍳☕️ team flat whites + shakshuka 🙌 #brunch #cafe","https://www.google.com/maps/search/?api=1&query=Brother+Hubbard+Dublin","Brother Hubbard","dublin_brother_hubbard",53.345,-6.265,2025-05-04,1639,167000,"Brother Hubbard","cafe"
wanderwithmia,"Ticknock trails — wildflowers & Dublin skyline peeks 🌸🌄 so schön! #ticknock #view","https://www.google.com/maps/search/?api=1&query=Ticknock+Dublin","Ticknock","dublin_ticknock",53.274,-6.245,2025-05-06,2190,382000,"Ticknock","viewpoint"
nomadic_nik,"Ok this was wild: wind @ Poolbeg, hair everywhere 😂🌬️ but that red lighthouse! #poolbeg #sea","https://www.google.com/maps/search/?api=1&query=Poolbeg+Lighthouse+Dublin","Poolbeg Lighthouse","dublin_poolbeg_lighthouse",53.333,-6.127,2025-05-08,2288,245000,"Poolbeg Lighthouse","monument"
globe_greta,"Iveagh Gardens secret corners 🌿🌼 chill vibes + book time 📖 #park #ruhe","https://www.google.com/maps/search/?api=1&query=Iveagh+Gardens+Dublin","Iveagh Gardens","dublin_iveagh_gardens",53.334,-6.262,2025-05-09,1577,318000,"Iveagh Gardens","park"
roams_with_raj,"The Brazen Head stew + trad tunes 🍲🎶 OG pub energy! #brazenhead #pub","https://www.google.com/maps/search/?api=1&query=The+Brazen+Head+Dublin","The Brazen Head","dublin_brazen_head",53.343,-6.279,2025-05-11,1821,208000,"The Brazen Head","bar"
travel_toni,"EPIC + National Gallery double header 🎨🎧 info overload lol Hauptspot: EPIC #museumday","https://www.google.com/maps/search/?api=1&query=EPIC+The+Irish+Emigration+Museum+Dublin","EPIC The Irish Emigration Museum","dublin_epic_museum",53.348,-6.241,2025-05-12,1707,167000,"EPIC The Irish Emigration Museum","museum"
wanderwithmia,"Portmarnock Beach shells + soft sunset 🐚🌅 dreamyyyy #portmarnock #beach","https://www.google.com/maps/search/?api=1&query=Portmarnock+Beach+Dublin","Portmarnock Beach","dublin_portmarnock_beach",53.423,-6.121,2025-05-14,1966,382000,"Portmarnock Beach","beach"
nomadic_nik,"Grafton ➜ Bewley’s ➜ Powerscourt 🛍️☕️🛍️ little loop! Hauptspot: Bewley’s #shopping #cafe","https://www.google.com/maps/search/?api=1&query=Bewley%27s+Grafton+Street+Dublin","Bewley's Grafton Street","dublin_bewleys_grafton",53.341,-6.259,2025-05-16,1501,245000,"Bewley's Grafton Street","cafe"
globe_greta,"Vicar Street gig 🎤🔥 crowd was on fire! Danach The Church for a nightcap. Hauptspot: Vicar Street #gig","https://www.google.com/maps/search/?api=1&query=Vicar+Street+Dublin","Vicar Street","dublin_vicar_street",53.342,-6.281,2025-05-17,1854,318000,"Vicar Street","club"
roams_with_raj,"The Winding Stair comfort food night 🍛🍷 cozy seats + river lights. #windingstair #food","https://www.google.com/maps/search/?api=1&query=The+Winding+Stair+Dublin","The Winding Stair","dublin_winding_stair",53.346,-6.263,2025-05-19,1688,208000,"The Winding Stair","restaurant"
travel_toni,"Botanic Gardens glasshouse glow 🌿💧 very humid lol but beautiful. #botanic #green","https://www.google.com/maps/search/?api=1&query=National+Botanic+Gardens+Dublin","National Botanic Gardens","dublin_botanic_gardens",53.372,-6.268,2025-05-20,1599,167000,"National Botanic Gardens","park"
wanderwithmia,"High wind, high vibes @ Howth Summit 😅⛰️ ocean blues forever. #howth #view #wander","https://www.google.com/maps/search/?api=1&query=Howth+Summit+Dublin","Howth Summit","dublin_howth_summit",53.392,-6.065,2025-05-22,2330,382000,"Howth Summit","viewpoint"
nomadic_nik,"Henry Street quick shop run ➕ coffee at Kaph ☕️🛍️ easy peasy. Hauptspot: Henry Street #city","https://www.google.com/maps/search/?api=1&query=Henry+Street+Dublin","Henry Street","dublin_henry_street",53.349,-6.263,2025-05-24,1384,245000,"Henry Street","shopping"
globe_greta,"The Long Hall nostalgia night 🍺🎩 tiny details everywhere. #pub #classic","https://www.google.com/maps/search/?api=1&query=The+Long+Hall+Dublin","The Long Hall","dublin_the_long_hall",53.34,-6.265,2025-05-25,1632,318000,"The Long Hall","bar"
roams_with_raj,"Dublin Castle courtyard sketching 🖊️🎨 then Chester Beatty stroll. Hauptspot: Dublin Castle #art","https://www.google.com/maps/search/?api=1&query=Dublin+Castle+Dublin","Dublin Castle","dublin_dublin_castle",53.343,-6.267,2025-05-27,1760,208000,"Dublin Castle","palace"
travel_toni,"Ticknock sunset hike 🌄✨ feet tired, mind clear. #ticknock #sunset","https://www.google.com/maps/search/?api=1&query=Ticknock+Dublin","Ticknock","dublin_ticknock",53.274,-6.245,2025-05-28,1891,167000,"Ticknock","viewpoint"
wanderwithmia,"Phoenix Park deer so close!! 🦌🫶 also Dublin Zoo nearby (next time). Hauptspot: Phoenix Park #nature","https://www.google.com/maps/search/?api=1&query=Phoenix+Park+Dublin","Phoenix Park","dublin_phoenix_park",53.356,-6.333,2025-05-30,3120,382000,"Phoenix Park","park"
nomadic_nik,"EPIC + Jameson combo 🔥🎧🥃 brain + taste buds activated haha. Hauptspot: EPIC #museum","https://www.google.com/maps/search/?api=1&query=EPIC+The+Irish+Emigration+Museum+Dublin","EPIC The Irish Emigration Museum","dublin_epic_museum",53.348,-6.241,2025-06-01,2111,245000,"EPIC The Irish Emigration Museum","museum"
globe_greta,"Sandymount splash day 🌊😂 socks wet, heart happy. #beach #sandymount","https://www.google.com/maps/search/?api=1&query=Sandymount+Beach+Dublin","Sandymount Beach","dublin_sandymount_beach",53.321,-6.204,2025-06-02,2290,318000,"Sandymount Beach","beach"
roams_with_raj,"Grafton Street buskers + Bewley’s cake fest 🍰🎶 sweet & sound. Hauptspot: Grafton #city","https://www.google.com/maps/search/?api=1&query=Grafton+Street+Dublin","Grafton Street","dublin_grafton_street",53.341,-6.259,2025-06-04,1711,208000,"Grafton Street","shopping"
travel_toni,"Chester Beatty manuscripts 😍📜 then Dublin Castle pics. Hauptspot: Chester Beatty #museumday","https://www.google.com/maps/search/?api=1&query=Chester+Beatty+Dublin","Chester Beatty","dublin_chester_beatty",53.343,-6.269,2025-06-05,1638,167000,"Chester Beatty","museum"
wanderwithmia,"Bull Island Nature Reserve — birds, dunes, and Dublin skyline peeks 🐦🏖️ #bullisland","https://www.google.com/maps/search/?api=1&query=Bull+Island+Nature+Reserve+Dublin","Bull Island Nature Reserve","dublin_bull_island",53.364,-6.167,2025-06-07,2055,382000,"Bull Island Nature Reserve","park"
nomadic_nik,"OPIUM night — neon lights & bass 🎶💥 danach Grand Social quick stop. Hauptspot: Opium #club","https://www.google.com/maps/search/?api=1&query=Opium+Dublin","Opium","dublin_opium_club",53.339,-6.265,2025-06-09,1750,245000,"Opium","club"
globe_greta,"Henry Street mini haul 🛍️ then Queen of Tarts for tea ☕️🍰 Hauptspot: Henry Street #shopping","https://www.google.com/maps/search/?api=1&query=Henry+Street+Dublin","Henry Street","dublin_henry_street",53.349,-6.263,2025-06-10,1477,318000,"Henry Street","shopping"
roams_with_raj,"National Gallery re-visit 🎨✨ color therapy lol #art #gallery","https://www.google.com/maps/search/?api=1&query=National+Gallery+of+Ireland+Dublin","National Gallery of Ireland","dublin_national_gallery",53.34,-6.252,2025-06-12,1699,208000,"National Gallery of Ireland","museum"
travel_toni,"The Church cocktail hour 🍸⛪️ unique vibes, friendly staff. #bar #church","https://www.google.com/maps/search/?api=1&query=The+Church+Dublin","The Church","dublin_the_church_bar",53.35,-6.265,2025-06-13,1593,167000,"The Church","bar"
wanderwithmia,"Phoenix Park picnic + bike ride 🚲🌿 sun + shade mix, perfect. #park #bike","https://www.google.com/maps/search/?api=1&query=Phoenix+Park+Dublin","Phoenix Park","dublin_phoenix_park",53.356,-6.333,2025-06-15,2244,382000,"Phoenix Park","park"
nomadic_nik,"Howth Cliff Walk — gulls flying, waves crashing 🌊🕊️ proper therapy tbh #howth","https://www.google.com/maps/search/?api=1&query=Howth+Cliff+Walk+Dublin","Howth Cliff Walk","dublin_howth_cliff_walk",53.387,-6.063,2025-06-16,2381,245000,"Howth Cliff Walk","viewpoint"
globe_greta,"Kilmainham Gaol stories still echo 🗝️📜 history nerd mode on. #museum #kilmainham","https://www.google.com/maps/search/?api=1&query=Kilmainham+Gaol+Dublin","Kilmainham Gaol","dublin_kilmainham_gaol",53.342,-6.309,2025-06-18,1768,318000,"Kilmainham Gaol","museum"
roams_with_raj,"Temple Bar Food Market — olives, bread, cheese snack attack 🫒🥖🧀 #market #templebar","https://www.google.com/maps/search/?api=1&query=Temple+Bar+Food+Market+Dublin","Temple Bar Food Market","dublin_temple_bar_food_market",53.345,-6.266,2025-06-19,1681,208000,"Temple Bar Food Market","market"
travel_toni,"St Patrick’s Cathedral quiet hour ⛪️✨ candles & calm. #church #dublin","https://www.google.com/maps/search/?api=1&query=St+Patrick%27s+Cathedral+Dublin","St Patrick’s Cathedral","dublin_st_patricks_cathedral",53.339,-6.271,2025-06-21,1548,167000,"St Patrick’s Cathedral","church"
wanderwithmia,"H’penny Bridge — night reflections 🌉💫 quick photo stop, then cocoa. #bridge #night","https://www.google.com/maps/search/?api=1&query=Ha%27penny+Bridge+Dublin","Ha'penny Bridge","dublin_hapenny_bridge",53.346,-6.262,2025-06-22,1944,382000,"Ha'penny Bridge","monument"
nomadic_nik,"The Cobblestone jam session 🎻🔥 toes tapping, smiles all around. #trad #bar","https://www.google.com/maps/search/?api=1&query=The+Cobblestone+Dublin","The Cobblestone","dublin_the_cobblestone",53.349,-6.277,2025-06-24,1722,245000,"The Cobblestone","bar"
globe_greta,"National Botanic Gardens — shade & scent 🌿🌺 slow walk, deep breaths. #botanic #park","https://www.google.com/maps/search/?api=1&query=National+Botanic+Gardens+Dublin","National Botanic Gardens","dublin_botanic_gardens",53.372,-6.268,2025-06-25,1660,318000,"National Botanic Gardens","park"
roams_with_raj,"Powerscourt Townhouse Centre — crafts, candles, tiny treasures 🕯️🪄 #shopping","https://www.google.com/maps/search/?api=1&query=Powerscourt+Townhouse+Centre+Dublin","Powerscourt Townhouse Centre","dublin_powerscourt_townhouse",53.341,-6.265,2025-06-27,1504,208000,"Powerscourt Townhouse Centre","shopping"
travel_toni,"Brother Hubbard brunch squad again 😅☕️🍳 can’t stop won’t stop. #cafe #brunch","https://www.google.com/maps/search/?api=1&query=Brother+Hubbard+Dublin","Brother Hubbard","dublin_brother_hubbard",53.345,-6.265,2025-06-28,1602,167000,"Brother Hubbard","cafe"
wanderwithmia,"OPIUM glow night 🌈🎶 quick dance, early home. #club #vibes","https://www.google.com/maps/search/?api=1&query=Opium+Dublin","Opium","dublin_opium_club",53.339,-6.265,2025-06-30,1705,382000,"Opium","club"
nomadic_nik,"Dublin Castle + Chester Beatty loop 🏰📜 culture fix! Hauptspot: Dublin Castle #palace","https://www.google.com/maps/search/?api=1&query=Dublin+Castle+Dublin","Dublin Castle","dublin_dublin_castle",53.343,-6.267,2025-07-01,1738,245000,"Dublin Castle","palace"
globe_greta,"The Custom House silhouettes at dusk 🏛️🌆 sehr schön. #monument #dublin","https://www.google.com/maps/search/?api=1&query=The+Custom+House+Dublin","The Custom House","dublin_custom_house",53.349,-6.246,2025-07-03,1610,318000,"The Custom House","monument"
roams_with_raj,"Queen of Tarts tea time 🍰☕️ sweet pause, then Henry Street browse. Hauptspot: Queen of Tarts #cafe","https://www.google.com/maps/search/?api=1&query=Queen+of+Tarts+Dublin","Queen of Tarts","dublin_queen_of_tarts",53.344,-6.267,2025-07-04,1570,208000,"Queen of Tarts","cafe"
travel_toni,"Guinness Storehouse — pour your own pint 😎🍺 still got it! #museum #beer","https://www.google.com/maps/search/?api=1&query=Guinness+Storehouse+Dublin","Guinness Storehouse","dublin_guinness_storehouse",53.341,-6.286,2025-07-06,1825,167000,"Guinness Storehouse","museum"
wanderwithmia,"DUBLN Zoo (lol typo) but animals were adorable 🐒🐧 Hauptspot: Dublin Zoo #family #fun","https://www.google.com/maps/search/?api=1&query=Dublin+Zoo+Dublin","Dublin Zoo","dublin_dublin_zoo",53.353,-6.305,2025-07-07,2410,382000,"Dublin Zoo","other"
nomadic_nik,"Kaph latte art game strong ☕️🎨 also tried a cruffin (lol). #cafe #kaph","https://www.google.com/maps/search/?api=1&query=Kaph+Dublin","Kaph","dublin_kaph_cafe",53.342,-6.263,2025-07-09,1390,245000,"Kaph","cafe"
globe_greta,"The Grand Social DJ set 🎧💫 lil late but worth. danach quick walk over Ha’penny Bridge. Hauptspot: Grand Social #club","https://www.google.com/maps/search/?api=1&query=The+Grand+Social+Dublin","The Grand Social","dublin_grand_social",53.347,-6.263,2025-07-10,1774,318000,"The Grand Social","club"
roams_with_raj,"Etto pasta + wine night 🍝🍷 small plates, big flavor. #restaurant #etto","https://www.google.com/maps/search/?api=1&query=Etto+Dublin","Etto","dublin_etto_restaurant",53.337,-6.252,2025-07-12,1698,208000,"Etto","restaurant"
travel_toni,"Bull Island Nature Reserve — birdwatch & barefoot walk 🦩👣 chill day. #nature #reserve","https://www.google.com/maps/search/?api=1&query=Bull+Island+Nature+Reserve+Dublin","Bull Island Nature Reserve","dublin_bull_island",53.364,-6.167,2025-07-13,1622,167000,"Bull Island Nature Reserve","park"
wanderwithmia,"St Stephen’s Green — summer blooms 😍🌸 ppl watching + gelato. #park #summer","https://www.google.com/maps/search/?api=1&query=St+Stephen%27s+Green+Dublin","St Stephen's Green","dublin_st_stephens_green",53.339,-6.261,2025-07-15,1889,382000,"St Stephen's Green","park"
nomadic_nik,"Hapenny Bridge post-rain glow 🌉🌧️ rainbow vibes. #bridge #monument","https://www.google.com/maps/search/?api=1&query=Ha%27penny+Bridge+Dublin","Ha'penny Bridge","dublin_hapenny_bridge",53.346,-6.262,2025-07-17,1755,245000,"Ha'penny Bridge","monument"
globe_greta,"Jameson Bow St. nice guide, smooth tastings 🥃✅ chill afternoon. #jameson #museum","https://www.google.com/maps/search/?api=1&query=Jameson+Distillery+Bow+St.+Dublin","Jameson Distillery Bow St.","dublin_jameson_bow_st",53.349,-6.277,2025-07-18,1815,318000,"Jameson Distillery Bow St.","museum"
roams_with_raj,"Portmarnock Beach — windy but we vibed 🏖️🌬️ shells + laughter. #beach #portmarnock","https://www.google.com/maps/search/?api=1&query=Portmarnock+Beach+Dublin","Portmarnock Beach","dublin_portmarnock_beach",53.423,-6.121,2025-07-20,1900,208000,"Portmarnock Beach","beach"
travel_toni,"Pygmalion late set 💃🔥 quick dance, friendly crowd. #club #pyg","https://www.google.com/maps/search/?api=1&query=Pygmalion+Dublin","Pygmalion","dublin_pygmalion",53.34,-6.259,2025-07-21,1677,167000,"Pygmalion","club"
wanderwithmia,"Phoenix Park > picnics + polaroids 🎞️🌿 we love it here. #park #film","https://www.google.com/maps/search/?api=1&query=Phoenix+Park+Dublin","Phoenix Park","dublin_phoenix_park",53.356,-6.333,2025-07-23,2155,382000,"Phoenix Park","park"
nomadic_nik,"Dublin Castle shade break 🏰🌤️ then gelato run. #palace #summer","https://www.google.com/maps/search/?api=1&query=Dublin+Castle+Dublin","Dublin Castle","dublin_dublin_castle",53.343,-6.267,2025-07-24,1603,245000,"Dublin Castle","palace"
globe_greta,"OPIUM neon night again 🎶🌈 fun crew. #club #opium","https://www.google.com/maps/search/?api=1&query=Opium+Dublin","Opium","dublin_opium_club",53.339,-6.265,2025-07-26,1718,318000,"Opium","club"
roams_with_raj,"Guinness Storehouse glass clink 🍺✨ rooftop light show vibes. #museum #beer","https://www.google.com/maps/search/?api=1&query=Guinness+Storehouse+Dublin","Guinness Storehouse","dublin_guinness_storehouse",53.341,-6.286,2025-07-27,1865,208000,"Guinness Storehouse","museum"
travel_toni,"George’s Street Arcade mini treasure hunt 🪙💿 loved it. #market #finds","https://www.google.com/maps/search/?api=1&query=George%27s+Street+Arcade+Dublin","George's Street Arcade","dublin_georges_st_arcade",53.342,-6.264,2025-07-29,1529,167000,"George's Street Arcade","market"
wanderwithmia,"St Stephen’s Green, but I wrote ‘Stephans’ lol 🤓🌿 still beautiful. #park #typo","https://www.google.com/maps/search/?api=1&query=St+Stephen%27s+Green+Dublin","St Stephen's Green","dublin_st_stephens_green",53.339,-6.261,2025-07-30,1992,382000,"St Stephen's Green","park"
nomadic_nik,"OPIUM? or PYG? idk we danced both 💃💫 Hauptspot: PYG #club #night","https://www.google.com/maps/search/?api=1&query=Pygmalion+Dublin","Pygmalion","dublin_pygmalion",53.34,-6.259,2025-08-01,1739,245000,"Pygmalion","club"
globe_greta,"Poolbeg lighthouse red pop against gray waves ❤️🌊 wind madness haha. #monument #sea","https://www.google.com/maps/search/?api=1&query=Poolbeg+Lighthouse+Dublin","Poolbeg Lighthouse","dublin_poolbeg_lighthouse",53.333,-6.127,2025-08-02,2055,318000,"Poolbeg Lighthouse","monument"
roams_with_raj,"Dollymount Strand quick run 🏃‍♂️🏖️ sand in shoes, no regrets lol #beach #strand","https://www.google.com/maps/search/?api=1&query=Dollymount+Strand+Dublin","Dollymount Strand","dublin_dollymount_strand",53.363,-6.174,2025-08-04,1884,208000,"Dollymount Strand","beach"
travel_toni,"Jameson Bow St. tour again bc friends in town 🥃📖 stories never get old. #museum #jameson","https://www.google.com/maps/search/?api=1&query=Jameson+Distillery+Bow+St.+Dublin","Jameson Distillery Bow St.","dublin_jameson_bow_st",53.349,-6.277,2025-08-05,1720,167000,"Jameson Distillery Bow St.","museum"
wanderwithmia,"Phoenix Park deer photobomb 😅🦌 also stopped at the Zoo cafe. Hauptspot: Phoenix Park #park","https://www.google.com/maps/search/?api=1&query=Phoenix+Park+Dublin","Phoenix Park","dublin_phoenix_park",53.356,-6.333,2025-08-07,2481,382000,"Phoenix Park","park"
nomadic_nik,"Grafton Street rain dance 🌧️💃 umbrella squad unite! #shopping #street","https://www.google.com/maps/search/?api=1&query=Grafton+Street+Dublin","Grafton Street","dublin_grafton_street",53.341,-6.259,2025-08-08,1442,245000,"Grafton Street","shopping"
globe_greta,"The Cobblestone session — jigs & reels nonstop 🎻💥 so gut. #bar #trad","https://www.google.com/maps/search/?api=1&query=The+Cobblestone+Dublin","The Cobblestone","dublin_the_cobblestone",53.349,-6.277,2025-08-10,1784,318000,"The Cobblestone","bar"
roams_with_raj,"Queen of Tarts berry tart ftw 🍓🍰 perfect pause. #cafe #sweet","https://www.google.com/maps/search/?api=1&query=Queen+of+Tarts+Dublin","Queen of Tarts","dublin_queen_of_tarts",53.344,-6.267,2025-08-11,1604,208000,"Queen of Tarts","cafe"
travel_toni,"EPIC museum audio guide = top 🎧✅ learned so much. #museum #history","https://www.google.com/maps/search/?api=1&query=EPIC+The+Irish+Emigration+Museum+Dublin","EPIC The Irish Emigration Museum","dublin_epic_museum",53.348,-6.241,2025-08-13,1695,167000,"EPIC The Irish Emigration Museum","museum"
wanderwithmia,"Phoenix Park—deers, bikes, picnics, repeat 🦌🚲🥪 perfection. #park #dublin","https://www.google.com/maps/search/?api=1&query=Phoenix+Park+Dublin","Phoenix Park","dublin_phoenix_park",53.356,-6.333,2025-08-14,2366,382000,"Phoenix Park","park"
nomadic_nik,"St Pat’s Cathedral choir rehearsal? got lucky 🎶⛪️ magic. #church #music","https://www.google.com/maps/search/?api=1&query=St+Patrick%27s+Cathedral+Dublin","St Patrick’s Cathedral","dublin_st_patricks_cathedral",53.339,-6.271,2025-08-16,1583,245000,"St Patrick’s Cathedral","church"
globe_greta,"Temple Bar Food Market snack stack 🧀🥖🍇 power lunch. #market #food","https://www.google.com/maps/search/?api=1&query=Temple+Bar+Food+Market+Dublin","Temple Bar Food Market","dublin_temple_bar_food_market",53.345,-6.266,2025-08-17,1619,318000,"Temple Bar Food Market","market"
roams_with_raj,"Kaph → 3fe → Bewley’s caffeine relay ☕️🏃‍♂️ Hauptspot: 3fe #coffee","https://www.google.com/maps/search/?api=1&query=3fe+Grand+Canal+Dublin","3fe Grand Canal","dublin_3fe_grand_canal",53.337,-6.243,2025-08-19,1520,208000,"3fe Grand Canal","cafe"
travel_toni,"The Spire selfie 😂📍 we tried to fit it in frame… #monument #spire","https://www.google.com/maps/search/?api=1&query=The+Spire+Dublin","The Spire","dublin_the_spire",53.349,-6.26,2025-08-20,1507,167000,"The Spire","monument"
wanderwithmia,"Howth Cliff Walk — wind, sun, salty smiles 🌬️🌞 #viewpoint #howth","https://www.google.com/maps/search/?api=1&query=Howth+Cliff+Walk+Dublin","Howth Cliff Walk","dublin_howth_cliff_walk",53.387,-6.063,2025-08-22,2640,382000,"Howth Cliff Walk","viewpoint"
nomadic_nik,"Etto small plates + big chat 🍽️🗣️ date night win. #restaurant","https://www.google.com/maps/search/?api=1&query=Etto+Dublin","Etto","dublin_etto_restaurant",53.337,-6.252,2025-08-24,1684,245000,"Etto","restaurant"
globe_greta,"Chester Beatty reading room hush 📜🤫 nice reset. #museum #quiet","https://www.google.com/maps/search/?api=1&query=Chester+Beatty+Dublin","Chester Beatty","dublin_chester_beatty",53.343,-6.269,2025-08-25,1528,318000,"Chester Beatty","museum"
roams_with_raj,"Phoenix Park shady lane stroll 🌿🌤️ light & breeze. #park","https://www.google.com/maps/search/?api=1&query=Phoenix+Park+Dublin","Phoenix Park","dublin_phoenix_park",53.356,-6.333,2025-08-27,1908,208000,"Phoenix Park","park"
travel_toni,"Howth Summit sky show 💙⛅️ skyline & sea merge. #viewpoint #howth","https://www.google.com/maps/search/?api=1&query=Howth+Summit+Dublin","Howth Summit","dublin_howth_summit",53.392,-6.065,2025-08-28,1777,167000,"Howth Summit","viewpoint"
wanderwithmia,"Phoenx Park (lol) deer zoomed by 🦌💨 still got the shot. #park #typo","https://www.google.com/maps/search/?api=1&query=Phoenix+Park+Dublin","Phoenix Park","dublin_phoenix_park",53.356,-6.333,2025-08-30,2990,382000,"Phoenix Park","park"
nomadic_nik,"Grand Social rooftop chat 🌆🍹 then dance. #club #grandsocial","https://www.google.com/maps/search/?api=1&query=The+Grand+Social+Dublin","The Grand Social","dublin_grand_social",53.347,-6.263,2025-08-31,1685,245000,"The Grand Social","club"
globe_greta,"National Gallery big canvas feels 🎨💭 love it here. #museum #art","https://www.google.com/maps/search/?api=1&query=National+Gallery+of+Ireland+Dublin","National Gallery of Ireland","dublin_national_gallery",53.34,-6.252,2025-09-02,1649,318000,"National Gallery of Ireland","museum"
roams_with_raj,"George’s Street Arcade decks & donuts 🍩💿 perfect mix. #market #shopping","https://www.google.com/maps/search/?api=1&query=George%27s+Street+Arcade+Dublin","George's Street Arcade","dublin_georges_st_arcade",53.342,-6.264,2025-09-03,1499,208000,"George's Street Arcade","market"
travel_toni,"Dublin Castle secret corners 🕳️🏰 photowalk. #palace #historic","https://www.google.com/maps/search/?api=1&query=Dublin+Castle+Dublin","Dublin Castle","dublin_dublin_castle",53.343,-6.267,2025-09-05,1626,167000,"Dublin Castle","palace"
wanderwithmia,"Hapenny Bridge foggy morning 🌫️🌉 moody & magical. #monument #bridge","https://www.google.com/maps/search/?api=1&query=Ha%27penny+Bridge+Dublin","Ha'penny Bridge","dublin_hapenny_bridge",53.346,-6.262,2025-09-06,2077,382000,"Ha'penny Bridge","monument"
nomadic_nik,"Kaph almond croissant + flat white 🥐☕️ unstoppable combo. #cafe #morning","https://www.google.com/maps/search/?api=1&query=Kaph+Dublin","Kaph","dublin_kaph_cafe",53.342,-6.263,2025-09-08,1422,245000,"Kaph","cafe"
globe_greta,"Portmarnock Beach barefoot strides 👣🌊 bye stress. #beach #coast","https://www.google.com/maps/search/?api=1&query=Portmarnock+Beach+Dublin","Portmarnock Beach","dublin_portmarnock_beach",53.423,-6.121,2025-09-09,1877,318000,"Portmarnock Beach","beach"
roams_with_raj,"OPIUM neon + noodles 🍜🌈 dance-fuel haha. #club #night","https://www.google.com/maps/search/?api=1&query=Opium+Dublin","Opium","dublin_opium_club",53.339,-6.265,2025-09-11,1730,208000,"Opium","club"
travel_toni,"EPIC museum quick stop 🎧🇮🇪 checking new exhibit. #museum #epic","https://www.google.com/maps/search/?api=1&query=EPIC+The+Irish+Emigration+Museum+Dublin","EPIC The Irish Emigration Museum","dublin_epic_museum",53.348,-6.241,2025-09-12,1607,167000,"EPIC The Irish Emigration Museum","museum"
wanderwithmia,"SandyMount (lol) Beach — typo but good vibes 🌊😂 shells & sun. #beach #typo","https://www.google.com/maps/search/?api=1&query=Sandymount+Beach+Dublin","Sandymount Beach","dublin_sandymount_beach",53.321,-6.204,2025-09-14,2399,382000,"Sandymount Beach","beach"
nomadic_nik,"Guinness rooftop — quick pint, city glow 🍺🌆 #museum #guinness","https://www.google.com/maps/search/?api=1&query=Guinness+Storehouse+Dublin","Guinness Storehouse","dublin_guinness_storehouse",53.341,-6.286,2025-09-16,1821,245000,"Guinness Storehouse","museum"
globe_greta,"Grafton Street + Powerscourt window shopping 🛍️✨ Hauptspot: Grafton #shopping","https://www.google.com/maps/search/?api=1&query=Grafton+Street+Dublin","Grafton Street","dublin_grafton_street",53.341,-6.259,2025-09-17,1510,318000,"Grafton Street","shopping"
roams_with_raj,"The Winding Stair dessert run 🍮☕️ yes pls. #restaurant #dessert","https://www.google.com/maps/search/?api=1&query=The+Winding+Stair+Dublin","The Winding Stair","dublin_winding_stair",53.346,-6.263,2025-09-19,1618,208000,"The Winding Stair","restaurant"
travel_toni,"Christ Church arches + echo ⛪️🔔 long linger. #church #arch","https://www.google.com/maps/search/?api=1&query=Christ+Church+Cathedral+Dublin","Christ Church Cathedral","dublin_christ_church",53.343,-6.272,2025-09-20,1555,167000,"Christ Church Cathedral","church"
wanderwithmia,"National Gallery sketch hour 🎨🖊️ calm & focused. #museum #art","https://www.google.com/maps/search/?api=1&query=National+Gallery+of+Ireland+Dublin","National Gallery of Ireland","dublin_national_gallery",53.34,-6.252,2025-09-22,1666,382000,"National Gallery of Ireland","museum"
nomadic_nik,"Temple Bar Food Market snacks again 🧀🥨 quick bites. #market #templebar","https://www.google.com/maps/search/?api=1&query=Temple+Bar+Food+Market+Dublin","Temple Bar Food Market","dublin_temple_bar_food_market",53.345,-6.266,2025-09-23,1533,245000,"Temple Bar Food Market","market"
globe_greta,"The Church stained glass + spritz 🥂🌈 cool combo. #bar #unique","https://www.google.com/maps/search/?api=1&query=The+Church+Dublin","The Church","dublin_the_church_bar",53.35,-6.265,2025-09-25,1588,318000,"The Church","bar"
roams_with_raj,"Ha’penny Bridge dusk crowd 🌉🎒 city pulse. #monument #bridge","https://www.google.com/maps/search/?api=1&query=Ha%27penny+Bridge+Dublin","Ha'penny Bridge","dublin_hapenny_bridge",53.346,-6.262,2025-09-26,1644,208000,"Ha'penny Bridge","monument"
travel_toni,"Queen of Tarts cozy corner 🍰☕️ journaling afternoon. #cafe #cozy","https://www.google.com/maps/search/?api=1&query=Queen+of+Tarts+Dublin","Queen of Tarts","dublin_queen_of_tarts",53.344,-6.267,2025-09-28,1592,167000,"Queen of Tarts","cafe"
wanderwithmia,"The Spire rain sparkle 📍🌧️ umbrellas everywhere. #monument #city","https://www.google.com/maps/search/?api=1&query=The+Spire+Dublin","The Spire","dublin_the_spire",53.349,-6.26,2025-09-29,1711,382000,"The Spire","monument"
nomadic_nik,"OPIUM then Grand Social → dance relay 💃🎶 Hauptspot: Grand Social #club","https://www.google.com/maps/search/?api=1&query=The+Grand+Social+Dublin","The Grand Social","dublin_grand_social",53.347,-6.263,2025-10-01,1699,245000,"The Grand Social","club"
globe_greta,"Phoenix Park autumn light 🍂🌞 deer hide & seek. #park #autumn","https://www.google.com/maps/search/?api=1&query=Phoenix+Park+Dublin","Phoenix Park","dublin_phoenix_park",53.356,-6.333,2025-10-02,1888,318000,"Phoenix Park","park"
roams_with_raj,"EPIC Museum rainy day plan 🎧🌧️ perfect indoors. #museum #epic","https://www.google.com/maps/search/?api=1&query=EPIC+The+Irish+Emigration+Museum+Dublin","EPIC The Irish Emigration Museum","dublin_epic_museum",53.348,-6.241,2025-10-04,1628,208000,"EPIC The Irish Emigration Museum","museum"
travel_toni,"Portmarnock sunset jog 👟🌅 sand sprint. #beach #run","https://www.google.com/maps/search/?api=1&query=Portmarnock+Beach+Dublin","Portmarnock Beach","dublin_portmarnock_beach",53.423,-6.121,2025-10-05,1756,167000,"Portmarnock Beach","beach"
wanderwithmia,"Howth Summit clouds racing 🌬️⛅️ dramatic skies. #viewpoint #coast","https://www.google.com/maps/search/?api=1&query=Howth+Summit+Dublin","Howth Summit","dublin_howth_summit",53.392,-6.065,2025-10-07,2232,382000,"Howth Summit","viewpoint"
nomadic_nik,"Grafton Street coffee crawl ☕️🛍️ Bewley’s finale. Hauptspot: Bewley’s #cafe","https://www.google.com/maps/search/?api=1&query=Bewley%27s+Grafton+Street+Dublin","Bewley's Grafton Street","dublin_bewleys_grafton",53.341,-6.259,2025-10-09,1550,245000,"Bewley's Grafton Street","cafe"
globe_greta,"Dublin Castle soft rain 🏰🌧️ moody photos. #palace #rain","https://www.google.com/maps/search/?api=1&query=Dublin+Castle+Dublin","Dublin Castle","dublin_dublin_castle",53.343,-6.267,2025-10-10,1602,318000,"Dublin Castle","palace"
roams_with_raj,"The Long Hall pint + stories 🍺🗣️ locals’ charm. #bar #classic","https://www.google.com/maps/search/?api=1&query=The+Long+Hall+Dublin","The Long Hall","dublin_the_long_hall",53.34,-6.265,2025-10-12,1586,208000,"The Long Hall","bar"
travel_toni,"Henry Street tiny haul 🛍️ then Kaph latte art ☕️ #shopping #cafe","https://www.google.com/maps/search/?api=1&query=Henry+Street+Dublin","Henry Street","dublin_henry_street",53.349,-6.263,2025-10-13,1488,167000,"Henry Street","shopping"
wanderwithmia,"Iveagh Gardens greens even in fall 🍃🍂 slow wander. #park #peace","https://www.google.com/maps/search/?api=1&query=Iveagh+Gardens+Dublin","Iveagh Gardens","dublin_iveagh_gardens",53.334,-6.262,2025-10-15,1655,382000,"Iveagh Gardens","park"
nomadic_nik,"Temple Bar Market snack stack 2.0 🧀🥖 byee diet lol #market #food","https://www.google.com/maps/search/?api=1&query=Temple+Bar+Food+Market+Dublin","Temple Bar Food Market","dublin_temple_bar_food_market",53.345,-6.266,2025-10-16,1510,245000,"Temple Bar Food Market","market"
globe_greta,"Chester Beatty prints overview 🖼️📜 delicate + deep. #museum #art","https://www.google.com/maps/search/?api=1&query=Chester+Beatty+Dublin","Chester Beatty","dublin_chester_beatty",53.343,-6.269,2025-10-18,1566,318000,"Chester Beatty","museum"
roams_with_raj,"The Cobblestone late trad set 🎻🔥 electrik (lol) energy. #bar #music","https://www.google.com/maps/search/?api=1&query=The+Cobblestone+Dublin","The Cobblestone","dublin_the_cobblestone",53.349,-6.277,2025-10-19,1724,208000,"The Cobblestone","bar"
travel_toni,"Phoenix Park deer peekaboo 🦌🙈 lens ready! #park #wildlife","https://www.google.com/maps/search/?api=1&query=Phoenix+Park+Dublin","Phoenix Park","dublin_phoenix_park",53.356,-6.333,2025-10-21,1835,167000,"Phoenix Park","park"
wanderwithmia,"Sandymount Beach wave watch 🌊👀 meditative. #beach #sandymount","https://www.google.com/maps/search/?api=1&query=Sandymount+Beach+Dublin","Sandymount Beach","dublin_sandymount_beach",53.321,-6.204,2025-10-22,2010,382000,"Sandymount Beach","beach"
nomadic_nik,"OPIUM midweek hmm still full 💃🎶 #club #midweek","https://www.google.com/maps/search/?api=1&query=Opium+Dublin","Opium","dublin_opium_club",53.339,-6.265,2025-10-24,1675,245000,"Opium","club"
globe_greta,"Guinness Storehouse gift shop spree 🛍️🍺 souvenirs sorted. #museum #shop","https://www.google.com/maps/search/?api=1&query=Guinness+Storehouse+Dublin","Guinness Storehouse","dublin_guinness_storehouse",53.341,-6.286,2025-10-25,1599,318000,"Guinness Storehouse","museum"
roams_with_raj,"Portmarnock + Howth day — sea therapy 🌊 Hauptspot: Portmarnock Beach #beach","https://www.google.com/maps/search/?api=1&query=Portmarnock+Beach+Dublin","Portmarnock Beach","dublin_portmarnock_beach",53.423,-6.121,2025-10-27,1770,208000,"Portmarnock Beach","beach"
travel_toni,"Grand Social throwback indie night 🎸🎶 good crowd. #club #indie","https://www.google.com/maps/search/?api=1&query=The+Grand+Social+Dublin","The Grand Social","dublin_grand_social",53.347,-6.263,2025-10-28,1651,167000,"The Grand Social","club"
wanderwithmia,"Grafton Street + Powerscourt twinkle lights ✨🛍️ cozy stroll. Hauptspot: Powerscourt #shopping","https://www.google.com/maps/search/?api=1&query=Powerscourt+Townhouse+Centre+Dublin","Powerscourt Townhouse Centre","dublin_powerscourt_townhouse",53.341,-6.265,2025-10-30,1588,382000,"Powerscourt Townhouse Centre","shopping"
nomadic_nik,"Kaph morning ritual ☕️🌧️ rain outside, warm inside. #cafe #coffee","https://www.google.com/maps/search/?api=1&query=Kaph+Dublin","Kaph","dublin_kaph_cafe",53.342,-6.263,2025-10-31,1433,245000,"Kaph","cafe"
globe_greta,"Ha’penny Bridge neon & night 🌉🌙 reflection chase. #monument #night","https://www.google.com/maps/search/?api=1&query=Ha%27penny+Bridge+Dublin","Ha'penny Bridge","dublin_hapenny_bridge",53.346,-6.262,2025-11-02,1680,318000,"Ha'penny Bridge","monument"
roams_with_raj,"Temple Bar Market snack fest 🧀🥓🥖 unstoppable. #market #food","https://www.google.com/maps/search/?api=1&query=Temple+Bar+Food+Market+Dublin","Temple Bar Food Market","dublin_temple_bar_food_market",53.345,-6.266,2025-11-03,1566,208000,"Temple Bar Food Market","market"
travel_toni,"The Church candle glow spritz 🕯️🥂 yes plz. #bar #cheers","https://www.google.com/maps/search/?api=1&query=The+Church+Dublin","The Church","dublin_the_church_bar",53.35,-6.265,2025-11-05,1543,167000,"The Church","bar"
wanderwithmia,"Ticknock misty morning 🌫️🌲 fairyland vibes. #viewpoint #hike","https://www.google.com/maps/search/?api=1&query=Ticknock+Dublin","Ticknock","dublin_ticknock",53.274,-6.245,2025-11-06,1982,382000,"Ticknock","viewpoint"
nomadic_nik,"Guinness Storehouse pre-holidays 🎄🍺 festive feels. #museum #guinness","https://www.google.com/maps/search/?api=1&query=Guinness+Storehouse+Dublin","Guinness Storehouse","dublin_guinness_storehouse",53.341,-6.286,2025-11-08,1630,245000,"Guinness Storehouse","museum"
globe_greta,"Henry Street lights & lists 📝✨ quick spree. #shopping #henry","https://www.google.com/maps/search/?api=1&query=Henry+Street+Dublin","Henry Street","dublin_henry_street",53.349,-6.263,2025-11-09,1514,318000,"Henry Street","shopping"
roams_with_raj,"OPIUM weekend 🕺🌈 huge energy again lol #club #night","https://www.google.com/maps/search/?api=1&query=Opium+Dublin","Opium","dublin_opium_club",53.339,-6.265,2025-11-11,1697,208000,"Opium","club"
travel_toni,"EPIC museum rainy escape 🎧☔️ perfect plan B. #museum #rain","https://www.google.com/maps/search/?api=1&query=EPIC+The+Irish+Emigration+Museum+Dublin","EPIC The Irish Emigration Museum","dublin_epic_museum",53.348,-6.241,2025-11-12,1588,167000,"EPIC The Irish Emigration Museum","museum"
wanderwithmia,"Phoenix Park winter hush ❄️🌿 crisp & clear. #park #winter","https://www.google.com/maps/search/?api=1&query=Phoenix+Park+Dublin","Phoenix Park","dublin_phoenix_park",53.356,-6.333,2025-11-14,2122,382000,"Phoenix Park","park"
nomadic_nik,"Dublin Castle festive flags 🏰🎏 color pops. #palace #city","https://www.google.com/maps/search/?api=1&query=Dublin+Castle+Dublin","Dublin Castle","dublin_dublin_castle",53.343,-6.267,2025-11-15,1601,245000,"Dublin Castle","palace"
globe_greta,"Grafton Street brass band 🎺🎶 yes pls. #shopping #music","https://www.google.com/maps/search/?api=1&query=Grafton+Street+Dublin","Grafton Street","dublin_grafton_street",53.341,-6.259,2025-11-17,1509,318000,"Grafton Street","shopping"
roams_with_raj,"The Cobblestone late set, voice cracked (lol) singing along 🎤🎻 #bar #trad","https://www.google.com/maps/search/?api=1&query=The+Cobblestone+Dublin","The Cobblestone","dublin_the_cobblestone",53.349,-6.277,2025-11-18,1710,208000,"The Cobblestone","bar"
travel_toni,"Queen of Tarts hot chocolate season 🍫☕️ cozy cocoon. #cafe #winter","https://www.google.com/maps/search/?api=1&query=Queen+of+Tarts+Dublin","Queen of Tarts","dublin_queen_of_tarts",53.344,-6.267,2025-11-20,1562,167000,"Queen of Tarts","cafe"
wanderwithmia,"Ha’penny Bridge drizzle ✨🌧️ reflections dancing. #monument #bridge","https://www.google.com/maps/search/?api=1&query=Ha%27penny+Bridge+Dublin","Ha'penny Bridge","dublin_hapenny_bridge",53.346,-6.262,2025-11-21,1988,382000,"Ha'penny Bridge","monument"
nomadic_nik,"Kaph morning crew ☕️🙌 seems our second home. #cafe #ritual","https://www.google.com/maps/search/?api=1&query=Kaph+Dublin","Kaph","dublin_kaph_cafe",53.342,-6.263,2025-11-23,1455,245000,"Kaph","cafe"
globe_greta,"Portmarnock winter waves 🌊❄️ brisk & bright. #beach #winter","https://www.google.com/maps/search/?api=1&query=Portmarnock+Beach+Dublin","Portmarnock Beach","dublin_portmarnock_beach",53.423,-6.121,2025-11-24,1760,318000,"Portmarnock Beach","beach"
roams_with_raj,"OPIUM neon under rain 🌈🌧️ still danced. #club #rain","https://www.google.com/maps/search/?api=1&query=Opium+Dublin","Opium","dublin_opium_club",53.339,-6.265,2025-11-26,1678,208000,"Opium","club"
travel_toni,"EPIC museum shop gifts 🛍️🎧 culture + presents. #museum #shop","https://www.google.com/maps/search/?api=1&query=EPIC+The+Irish+Emigration+Museum+Dublin","EPIC The Irish Emigration Museum","dublin_epic_museum",53.348,-6.241,2025-11-27,1569,167000,"EPIC The Irish Emigration Museum","museum"
wanderwithmia,"Phoenix Park frosty morning ❄️🌿 breath clouds. #park #frost","https://www.google.com/maps/search/?api=1&query=Phoenix+Park+Dublin","Phoenix Park","dublin_phoenix_park",53.356,-6.333,2025-11-29,2144,382000,"Phoenix Park","park"
nomadic_nik,"Dublin Castle + Chester Beatty rainy loop 🏰📜 Hauptspot: Chester Beatty #museum","https://www.google.com/maps/search/?api=1&query=Chester+Beatty+Dublin","Chester Beatty","dublin_chester_beatty",53.343,-6.269,2025-11-30,1578,245000,"Chester Beatty","museum"
globe_greta,"Grafton Street lights on 🎄✨ music & smiles. #shopping #festive","https://www.google.com/maps/search/?api=1&query=Grafton+Street+Dublin","Grafton Street","dublin_grafton_street",53.341,-6.259,2025-12-02,1544,318000,"Grafton Street","shopping"
roams_with_raj,"The Long Hall winter pint 🍺❄️ tradition. #bar #winter","https://www.google.com/maps/search/?api=1&query=The+Long+Hall+Dublin","The Long Hall","dublin_the_long_hall",53.34,-6.265,2025-12-03,1599,208000,"The Long Hall","bar"
travel_toni,"Henry Street list checking 📝🛍️ efficient loop. #shopping #list","https://www.google.com/maps/search/?api=1&query=Henry+Street+Dublin","Henry Street","dublin_henry_street",53.349,-6.263,2025-12-05,1480,167000,"Henry Street","shopping"
wanderwithmia,"Iveagh Gardens winter hush 🌲🫧 moss & mist. #park #winter","https://www.google.com/maps/search/?api=1&query=Iveagh+Gardens+Dublin","Iveagh Gardens","dublin_iveagh_gardens",53.334,-6.262,2025-12-06,1633,382000,"Iveagh Gardens","park"
nomadic_nik,"Temple Bar Market festive snacks 🍪🧀🎄 Hauptspot: Market #food #holiday","https://www.google.com/maps/search/?api=1&query=Temple+Bar+Food+Market+Dublin","Temple Bar Food Market","dublin_temple_bar_food_market",53.345,-6.266,2025-12-08,1537,245000,"Temple Bar Food Market","market"
globe_greta,"Chester Beatty warm colors vs cold day 🖼️❄️ #museum #winter","https://www.google.com/maps/search/?api=1&query=Chester+Beatty+Dublin","Chester Beatty","dublin_chester_beatty",53.343,-6.269,2025-12-09,1561,318000,"Chester Beatty","museum"
roams_with_raj,"Cobblestone late trad + cocoa after 🍫🎻 rainy rhythm. #bar #music","https://www.google.com/maps/search/?api=1&query=The+Cobblestone+Dublin","The Cobblestone","dublin_the_cobblestone",53.349,-6.277,2025-12-11,1715,208000,"The Cobblestone","bar"
travel_toni,"Phoenix Park deer in mist 🦌🌫️ ethereal. #park #wildlife","https://www.google.com/maps/search/?api=1&query=Phoenix+Park+Dublin","Phoenix Park","dublin_phoenix_park",53.356,-6.333,2025-12-12,1820,167000,"Phoenix Park","park"
wanderwithmia,"Sandymount glassy tide 🌊🪞 still + silent. #beach #calm","https://www.google.com/maps/search/?api=1&query=Sandymount+Beach+Dublin","Sandymount Beach","dublin_sandymount_beach",53.321,-6.204,2025-12-14,1990,382000,"Sandymount Beach","beach"
nomadic_nik,"OPIUM neon snowflake night 🌈❄️ danced warm. #club #winter","https://www.google.com/maps/search/?api=1&query=Opium+Dublin","Opium","dublin_opium_club",53.339,-6.265,2025-12-15,1686,245000,"Opium","club"
globe_greta,"Guinness Storehouse festive pour 🍺🎄 holiday cheers. #museum #beer","https://www.google.com/maps/search/?api=1&query=Guinness+Storehouse+Dublin","Guinness Storehouse","dublin_guinness_storehouse",53.341,-6.286,2025-12-17,1611,318000,"Guinness Storehouse","museum"
roams_with_raj,"Portmarnock winter jog, gloves on 👟🧤 crisp! #beach #run","https://www.google.com/maps/search/?api=1&query=Portmarnock+Beach+Dublin","Portmarnock Beach","dublin_portmarnock_beach",53.423,-6.121,2025-12-18,1759,208000,"Portmarnock Beach","beach"
travel_toni,"Grand Social seasonal set 🎶🎄 cozy crowd. #club #holiday","https://www.google.com/maps/search/?api=1&query=The+Grand+Social+Dublin","The Grand Social","dublin_grand_social",53.347,-6.263,2025-12-20,1659,167000,"The Grand Social","club"
wanderwithmia,"Grafton Street last-minute dash 🛍️⚡️ lights & laughter. #shopping","https://www.google.com/maps/search/?api=1&query=Grafton+Street+Dublin","Grafton Street","dublin_grafton_street",53.341,-6.259,2025-12-21,1590,382000,"Grafton Street","shopping"
nomadic_nik,"Kaph + Queen of Tarts combo ☕️🍰 winter warm-ups. Hauptspot: Kaph #cafe","https://www.google.com/maps/search/?api=1&query=Kaph+Dublin","Kaph","dublin_kaph_cafe",53.342,-6.263,2025-12-23,1466,245000,"Kaph","cafe"
globe_greta,"Ha’penny Bridge starry night 🌟🌉 mood set. #monument #night","https://www.google.com/maps/search/?api=1&query=Ha%27penny+Bridge+Dublin","Ha'penny Bridge","dublin_hapenny_bridge",53.346,-6.262,2025-12-24,1702,318000,"Ha'penny Bridge","monument"
roams_with_raj,"Temple Bar Market mince pies 🥧🎄 belly full. #market #festive","https://www.google.com/maps/search/?api=1&query=Temple+Bar+Food+Market+Dublin","Temple Bar Food Market","dublin_temple_bar_food_market",53.345,-6.266,2025-12-25,1599,208000,"Temple Bar Food Market","market"
travel_toni,"Dublin Castle snow dust 🏰❄️ fairy tale ending to the year. #palace #winter","https://www.google.com/maps/search/?api=1&query=Dublin+Castle+Dublin","Dublin Castle","dublin_dublin_castle",53.343,-6.267,2025-12-26,1703,167000,"Dublin Castle","palace"
wanderwithmia,"Guinness Storehouse — rooftop pour, city glow. Sláinte! 🍺🌆 #GuinnessStorehouse #museum","https://www.google.com/maps/search/?api=1&query=Guinness+Storehouse+Dublin","Guinness Storehouse","dublin_guinness_storehouse",53.341,-6.286,2025-04-15,1377,382000,"Guinness Storehouse","museum"
nomadic_nik,"EPIC Museum — audio guide, learned so much. Top. 🎧🇮🇪 #EPIC #museum","https://www.google.com/maps/search/?api=1&query=EPIC+The+Irish+Emigration+Museum+Dublin","EPIC The Irish Emigration Museum","dublin_epic_museum",53.348,-6.241,2025-04-16,1803,245000,"EPIC The Irish Emigration Museum","museum"
globe_greta,"Ha’penny Bridge — post-rain glow, rainbow vibes. Schön. 🌉🌧️ #HapennyBridge #monument","https://www.google.com/maps/search/?api=1&query=Ha%27penny+Bridge+Dublin","Ha'penny Bridge","dublin_hapenny_bridge",53.346,-6.262,2025-04-17,1974,318000,"Ha'penny Bridge","monument"
roams_with_raj,"Chapter One — pasta & wine night, small plates, big flavor. Köstlich. 🍝🍷 #ChapterOne #restaurant","https://www.google.com/maps/search/?api=1&query=Chapter+One+Dublin","Chapter One","dublin_chapter_one",53.353,-6.264,2025-04-18,1586,208000,"Chapter One","restaurant"
travel_toni,"Iveagh Gardens — greens even in spring, slow wander. Schön. 🍃🌼 #IveaghGardens #park","https://www.google.com/maps/search/?api=1&query=Iveagh+Gardens+Dublin","Iveagh Gardens","dublin_iveagh_gardens",53.334,-6.262,2025-04-19,1760,167000,"Iveagh Gardens","park"
wanderwithmia,"National Museum Archaeology — gold & stories, then coffee. Kultur. 🏺☕️ #Archaeology #museum","https://www.google.com/maps/search/?api=1&query=National+Museum+of+Ireland+Archaeology+Dublin","National Museum of Ireland - Archaeology","dublin_nmi_archaeology",53.3395,-6.255,2025-04-20,1620,382000,"National Museum of Ireland - Archaeology","museum"
nomadic_nik,"Bewley’s — almond croissant + flat white, classic combo. Gemütlich. 🥐☕️ #Bewleys #cafe","https://www.google.com/maps/search/?api=1&query=Bewley%27s+Grafton+Street+Dublin","Bewley's Grafton Street","dublin_bewleys_grafton",53.341,-6.259,2025-04-21,1742,245000,"Bewley's Grafton Street","cafe"
globe_greta,"Dublin Castle — soft rain & moody photos, lovely textures. Schön. 🏰🌧️ #DublinCastle #palace","https://www.google.com/maps/search/?api=1&query=Dublin+Castle+Dublin","Dublin Castle","dublin_dublin_castle",53.343,-6.267,2025-04-22,1595,318000,"Dublin Castle","palace"
roams_with_raj,"Kaph — latte art game strong, cozy corner. Perfekt. ☕️🎨 #Kaph #cafe","https://www.google.com/maps/search/?api=1&query=Kaph+Dublin","Kaph","dublin_kaph_cafe",53.342,-6.263,2025-04-23,1688,208000,"Kaph","cafe"
travel_toni,"Croke Park Skyline — rooftop views, wind & smiles. Atemberaubend. 🏟️🌇 #CrokePark #viewpoint","https://www.google.com/maps/search/?api=1&query=Croke+Park+Skyline+Tour+Dublin","Croke Park Skyline","dublin_croke_park_skyline",53.36,-6.249,2025-04-24,1512,167000,"Croke Park Skyline","viewpoint"
wanderwithmia,"Kilmainham Gaol — powerful exhibits, quiet halls. Bewegend. 🗝️📜 #Kilmainham #museum","https://www.google.com/maps/search/?api=1&query=Kilmainham+Gaol+Dublin","Kilmainham Gaol","dublin_kilmainham_gaol",53.342,-6.309,2025-04-25,1724,382000,"Kilmainham Gaol","museum"
nomadic_nik,"George’s Street Arcade — decks & donuts, perfect mix. Spaß. 🍩💿 #Arcade #market","https://www.google.com/maps/search/?api=1&query=George%27s+Street+Arcade+Dublin","George's Street Arcade","dublin_georges_st_arcade",53.342,-6.264,2025-04-26,1888,245000,"George's Street Arcade","market"
globe_greta,"St Patrick’s Cathedral — quiet hour, candles & calm. Friedlich. ⛪️✨ #StPatricks #church","https://www.google.com/maps/search/?api=1&query=St+Patrick%27s+Cathedral+Dublin","St Patrick’s Cathedral","dublin_st_patricks_cathedral",53.339,-6.271,2025-04-27,1815,318000,"St Patrick’s Cathedral","church"
roams_with_raj,"The Winding Stair — dessert run & coffee, river lights. Gemütlich. 🍮☕️ #WindingStair #restaurant","https://www.google.com/maps/search/?api=1&query=The+Winding+Stair+Dublin","The Winding Stair","dublin_winding_stair",53.346,-6.263,2025-04-28,1504,208000,"The Winding Stair","restaurant"
travel_toni,"The Spire — selfie challenge, city center buzz. Spaß. 📍😄 #TheSpire #monument","https://www.google.com/maps/search/?api=1&query=The+Spire+Dublin","The Spire","dublin_the_spire",53.349,-6.26,2025-04-29,1566,167000,"The Spire","monument"
wanderwithmia,"Queen of Tarts — tea time & journaling, cozy corner. Liebe. 🍰☕️ #QueenOfTarts #cafe","https://www.google.com/maps/search/?api=1&query=Queen+of+Tarts+Dublin","Queen of Tarts","dublin_queen_of_tarts",53.344,-6.267,2025-04-30,1715,382000,"Queen of Tarts","cafe"
nomadic_nik,"National Botanic Gardens — glasshouse glow, humid & beautiful. Grün. 🌿💧 #BotanicGardens #park","https://www.google.com/maps/search/?api=1&query=National+Botanic+Gardens+Dublin","National Botanic Gardens","dublin_botanic_gardens",53.372,-6.268,2025-05-01,1820,245000,"National Botanic Gardens","park"
globe_greta,"Jameson Bow St. — smooth tastings, great guide. Prost! 🥃✅ #Jameson #museum","https://www.google.com/maps/search/?api=1&query=Jameson+Distillery+Bow+St.+Dublin","Jameson Distillery Bow St.","dublin_jameson_bow_st",53.349,-6.277,2025-05-02,1990,318000,"Jameson Distillery Bow St.","museum"
roams_with_raj,"Powerscourt Townhouse — lights, lists & little treasures. Schön. ✨🛍️ #Powerscourt #shopping","https://www.google.com/maps/search/?api=1&query=Powerscourt+Townhouse+Centre+Dublin","Powerscourt Townhouse Centre","dublin_powerscourt_townhouse",53.341,-6.265,2025-05-03,1686,208000,"Powerscourt Townhouse Centre","shopping"
travel_toni,"Chester Beatty — warm colors vs cold day, perfect reset. Kultur. 🖼️❄️ #ChesterBeatty #museum","https://www.google.com/maps/search/?api=1&query=Chester+Beatty+Dublin","Chester Beatty","dublin_chester_beatty",53.343,-6.269,2025-05-04,1611,167000,"Chester Beatty","museum"
wanderwithmia,"The Brazen Head — winter pint & stories, tradition. Gemütlich. 🍺🗣️ #BrazenHead #bar","https://www.google.com/maps/search/?api=1&query=The+Brazen+Head+Dublin","The Brazen Head","dublin_brazen_head",53.343,-6.279,2025-05-05,1759,382000,"The Brazen Head","bar"
nomadic_nik,"Howth Summit — clouds racing, dramatic skies. Liebe. 🌬️⛅️ #HowthSummit #viewpoint","https://www.google.com/maps/search/?api=1&query=Howth+Summit+Dublin","Howth Summit","dublin_howth_summit",53.392,-6.065,2025-05-06,1659,245000,"Howth Summit","viewpoint"
globe_greta,"The Custom House — dusk silhouettes, river calm. Schön. 🏛️🌆 #CustomHouse #monument","https://www.google.com/maps/search/?api=1&query=The+Custom+House+Dublin","The Custom House","dublin_custom_house",53.349,-6.246,2025-05-07,1590,318000,"The Custom House","monument"
roams_with_raj,"Brother Hubbard — coffee & shakshuka, perfect start. Lecker. 🍳☕️ #BrotherHubbard #cafe","https://www.google.com/maps/search/?api=1&query=Brother+Hubbard+Dublin","Brother Hubbard","dublin_brother_hubbard",53.345,-6.265,2025-05-08,1466,208000,"Brother Hubbard","cafe"
travel_toni,"Dublin Zoo — morning wander, kids laughing, penguins posing. Spaß. 🐧📸 #DublinZoo #other","https://www.google.com/maps/search/?api=1&query=Dublin+Zoo+Dublin","Dublin Zoo","dublin_dublin_zoo",53.353,-6.305,2025-05-09,1702,167000,"Dublin Zoo","other"
wanderwithmia,"The Long Hall — pint & chats, locals’ charm. Klassiker. 🍺🎩 #TheLongHall #bar","https://www.google.com/maps/search/?api=1&query=The+Long+Hall+Dublin","The Long Hall","dublin_the_long_hall",53.34,-6.265,2025-05-10,1599,382000,"The Long Hall","bar"
nomadic_nik,"Little Museum of Dublin — quirky stories, intimate rooms. Charmant. 🖼️📚 #LittleMuseum #museum","https://www.google.com/maps/search/?api=1&query=Little+Museum+of+Dublin+Dublin","Little Museum of Dublin","dublin_little_museum",53.339,-6.258,2025-05-11,1588,245000,"Little Museum of Dublin","museum"
globe_greta,"Grafton Street — twinkle lights, window-shopping stroll. Hübsch. ✨🛍️ #GraftonStreet #shopping","https://www.google.com/maps/search/?api=1&query=Grafton+Street+Dublin","Grafton Street","dublin_grafton_street",53.341,-6.259,2025-05-12,1718,318000,"Grafton Street","shopping"
roams_with_raj,"The Cobblestone — late trad set, toes tapping. Energie. 🎻🔥 #Cobblestone #bar","https://www.google.com/maps/search/?api=1&query=The+Cobblestone+Dublin","The Cobblestone","dublin_the_cobblestone",53.349,-6.277,2025-05-13,1865,208000,"The Cobblestone","bar"
travel_toni,"Christ Church Cathedral — arches & echo, long linger. Schön. ⛪️🔔 #ChristChurch #church","https://www.google.com/maps/search/?api=1&query=Christ+Church+Cathedral+Dublin","Christ Church Cathedral","dublin_christ_church",53.343,-6.272,2025-05-14,1651,167000,"Christ Church Cathedral","church"
wanderwithmia,"The Grand Social — seasonal set, cozy crowd. Spaß. 🎶🎄 #GrandSocial #club","https://www.google.com/maps/search/?api=1&query=The+Grand+Social+Dublin","The Grand Social","dublin_grand_social",53.347,-6.263,2025-05-15,1588,382000,"The Grand Social","club"
wanderwithmia,"Grafton + Powerscourt twinkle stroll ✨🛍️ lil shop, big smiles. Hauptspot: Powerscourt. #shopping","https://www.google.com/maps/search/?api=1&query=Powerscourt+Townhouse+Centre+Dublin","Powerscourt Townhouse Centre","dublin_powerscourt_townhouse",53.341,-6.265,2025-08-24,1591,382000,"Powerscourt Townhouse Centre","shopping"
nomadic_nik,"Kaph morning ritual ☕️🌧️ rain outside, warm inside. regulars wave 🙂 #cafe #routine","https://www.google.com/maps/search/?api=1&query=Kaph+Dublin","Kaph","dublin_kaph_cafe",53.342,-6.263,2025-08-25,1444,245000,"Kaph","cafe"
globe_greta,"National Gallery big canvas feels 🎨💭 sat & stared lol. #museum #art","https://www.google.com/maps/search/?api=1&query=National+Gallery+of+Ireland+Dublin","National Gallery of Ireland","dublin_national_gallery",53.34,-6.252,2025-08-26,1655,318000,"National Gallery of Ireland","museum"
roams_with_raj,"Temple Bar Market snack fest 2.0 🧀🥓🥖 back again bc yum. #market #food","https://www.google.com/maps/search/?api=1&query=Temple+Bar+Food+Market+Dublin","Temple Bar Food Market","dublin_temple_bar_food_market",53.345,-6.266,2025-08-27,1569,208000,"Temple Bar Food Market","market"
travel_toni,"The Church candle glow 🕯️🥂 spritz o’clock, nice staff. #bar #cheers","https://www.google.com/maps/search/?api=1&query=The+Church+Dublin","The Church","dublin_the_church_bar",53.35,-6.265,2025-08-28,1547,167000,"The Church","bar"
wanderwithmia,"Ticknock misty AM 🌫️🌲 fairyland mood, boots muddy lol. #viewpoint #hike","https://www.google.com/maps/search/?api=1&query=Ticknock+Dublin","Ticknock","dublin_ticknock",53.274,-6.245,2025-08-29,1978,382000,"Ticknock","viewpoint"
nomadic_nik,"Guinness Storehouse pre-holidays 🎄🍺 gift shop spree haha. #museum #beer","https://www.google.com/maps/search/?api=1&query=Guinness+Storehouse+Dublin","Guinness Storehouse","dublin_guinness_storehouse",53.341,-6.286,2025-08-30,1635,245000,"Guinness Storehouse","museum"
globe_greta,"Henry Street lights & lists 📝✨ efficient lil loop. #shopping #henry","https://www.google.com/maps/search/?api=1&query=Henry+Street+Dublin","Henry Street","dublin_henry_street",53.349,-6.263,2025-08-31,1512,318000,"Henry Street","shopping"
roams_with_raj,"Opium weekend 🕺🌈 huge energy again lol. afterwards snack run. #club #night","https://www.google.com/maps/search/?api=1&query=Opium+Dublin","Opium","dublin_opium_club",53.339,-6.265,2025-09-01,1700,208000,"Opium","club"
travel_toni,"EPIC rainy escape 🎧☔️ perfect plan B → learned loads. #museum #rain","https://www.google.com/maps/search/?api=1&query=EPIC+The+Irish+Emigration+Museum+Dublin","EPIC The Irish Emigration Museum","dublin_epic_museum",53.348,-6.241,2025-09-02,1593,167000,"EPIC The Irish Emigration Museum","museum"
wanderwithmia,"Phoenix Park winter hush-ish ❄️🌿 crisp air, long lanes. #park #winter","https://www.google.com/maps/search/?api=1&query=Phoenix+Park+Dublin","Phoenix Park","dublin_phoenix_park",53.356,-6.333,2025-09-03,2133,382000,"Phoenix Park","park"
nomadic_nik,"Dublin Castle festive flags 🏰🎏 color pops, quick snaps. #palace #city","https://www.google.com/maps/search/?api=1&query=Dublin+Castle+Dublin","Dublin Castle","dublin_dublin_castle",53.343,-6.267,2025-09-04,1608,245000,"Dublin Castle","palace"
globe_greta,"Grafton Street brass band 🎺🎶 stayed a bit, smiles all around. #shopping #music","https://www.google.com/maps/search/?api=1&query=Grafton+Street+Dublin","Grafton Street","dublin_grafton_street",53.341,-6.259,2025-09-05,1510,318000,"Grafton Street","shopping"
roams_with_raj,"The Cobblestone late set 🎻🔥 electrik (lol) energy, voice cracked singing. #bar #trad","https://www.google.com/maps/search/?api=1&query=The+Cobblestone+Dublin","The Cobblestone","dublin_the_cobblestone",53.349,-6.277,2025-09-06,1716,208000,"The Cobblestone","bar"
travel_toni,"Queen of Tarts hot choc season 🍫☕️ cozy cocoon + chat. #cafe #winter","https://www.google.com/maps/search/?api=1&query=Queen+of+Tarts+Dublin","Queen of Tarts","dublin_queen_of_tarts",53.344,-6.267,2025-09-07,1568,167000,"Queen of Tarts","cafe"
wanderwithmia,"Ha’penny Bridge drizzle ✨🌧️ reflections dancing. moody magic. #monument #bridge","https://www.google.com/maps/search/?api=1&query=Ha%27penny+Bridge+Dublin","Ha'penny Bridge","dublin_hapenny_bridge",53.346,-6.262,2025-09-08,1989,382000,"Ha'penny Bridge","monument"
nomadic_nik,"Kaph morning crew ☕️🙌 second home, barista knows my order 😅 #cafe #ritual","https://www.google.com/maps/search/?api=1&query=Kaph+Dublin","Kaph","dublin_kaph_cafe",53.342,-6.263,2025-09-09,1459,245000,"Kaph","cafe"
globe_greta,"Portmarnock winter waves 🌊❄️ brisk & bright, gloves on. #beach #winter","https://www.google.com/maps/search/?api=1&query=Portmarnock+Beach+Dublin","Portmarnock Beach","dublin_portmarnock_beach",53.423,-6.121,2025-09-10,1765,318000,"Portmarnock Beach","beach"
roams_with_raj,"OPIUM neon under rain 🌈🌧️ still danced → soaked but happy. #club #rain","https://www.google.com/maps/search/?api=1&query=Opium+Dublin","Opium","dublin_opium_club",53.339,-6.265,2025-09-11,1680,208000,"Opium","club"
travel_toni,"EPIC shop gifts 🛍️🎧 culture + presents… win. #museum #shop","https://www.google.com/maps/search/?api=1&query=EPIC+The+Irish+Emigration+Museum+Dublin","EPIC The Irish Emigration Museum","dublin_epic_museum",53.348,-6.241,2025-09-12,1571,167000,"EPIC The Irish Emigration Museum","museum"
wanderwithmia,"Phoenix Park frosty AM ❄️🌿 breath clouds, deer hiding. #park #frost","https://www.google.com/maps/search/?api=1&query=Phoenix+Park+Dublin","Phoenix Park","dublin_phoenix_park",53.356,-6.333,2025-09-13,2146,382000,"Phoenix Park","park"
nomadic_nik,"Chester Beatty rainy loop 📜🌧️ Hauptspot: Chester Beatty — cozy indoors. #museum #art","https://www.google.com/maps/search/?api=1&query=Chester+Beatty+Dublin","Chester Beatty","dublin_chester_beatty",53.343,-6.269,2025-09-14,1580,245000,"Chester Beatty","museum"
globe_greta,"Grafton Street lights on 🎄✨ music & smiles, tiny spree. #shopping #festive","https://www.google.com/maps/search/?api=1&query=Grafton+Street+Dublin","Grafton Street","dublin_grafton_street",53.341,-6.259,2025-09-15,1542,318000,"Grafton Street","shopping"
roams_with_raj,"The Long Hall winter pint 🍺❄️ tradition = comfort. #bar #winter","https://www.google.com/maps/search/?api=1&query=The+Long+Hall+Dublin","The Long Hall","dublin_the_long_hall",53.34,-6.265,2025-09-16,1603,208000,"The Long Hall","bar"
travel_toni,"Henry Street list check 📝🛍️ efficient loop, snack break. #shopping #list","https://www.google.com/maps/search/?api=1&query=Henry+Street+Dublin","Henry Street","dublin_henry_street",53.349,-6.263,2025-09-17,1490,167000,"Henry Street","shopping"
wanderwithmia,"Iveagh Gardens winter hush 🌲🫧 moss & mist, so calm. #park #winter","https://www.google.com/maps/search/?api=1&query=Iveagh+Gardens+Dublin","Iveagh Gardens","dublin_iveagh_gardens",53.334,-6.262,2025-09-18,1631,382000,"Iveagh Gardens","park"
nomadic_nik,"Temple Bar Market festive snacks 🍪🧀🎄 byee diet lol. #market #holiday","https://www.google.com/maps/search/?api=1&query=Temple+Bar+Food+Market+Dublin","Temple Bar Food Market","dublin_temple_bar_food_market",53.345,-6.266,2025-09-19,1539,245000,"Temple Bar Food Market","market"
globe_greta,"Chester Beatty warm colors vs cold day 🖼️❄️ perfect contrast. #museum #winter","https://www.google.com/maps/search/?api=1&query=Chester+Beatty+Dublin","Chester Beatty","dublin_chester_beatty",53.343,-6.269,2025-09-20,1563,318000,"Chester Beatty","museum"
roams_with_raj,"Cobblestone late trad + cocoa after 🍫🎻 rainy rhythm & smiles. #bar #music","https://www.google.com/maps/search/?api=1&query=The+Cobblestone+Dublin","The Cobblestone","dublin_the_cobblestone",53.349,-6.277,2025-09-21,1717,208000,"The Cobblestone","bar"
travel_toni,"Phoenix Park deer in mist 🦌🌫️ ethereal morning shot. #park #wildlife","https://www.google.com/maps/search/?api=1&query=Phoenix+Park+Dublin","Phoenix Park","dublin_phoenix_park",53.356,-6.333,2025-09-22,1824,167000,"Phoenix Park","park"
wanderwithmia,"Sandymount glassy tide 🌊🪞 still + silent, reset button. #beach #calm","https://www.google.com/maps/search/?api=1&query=Sandymount+Beach+Dublin","Sandymount Beach","dublin_sandymount_beach",53.321,-6.204,2025-09-23,2011,382000,"Sandymount Beach","beach"
nomadic_nik,"OPIUM neon snowflake night 🌈❄️ danced warm despite cold lol. #club #winter","https://www.google.com/maps/search/?api=1&query=Opium+Dublin","Opium","dublin_opium_club",53.339,-6.265,2025-09-24,1688,245000,"Opium","club"
globe_greta,"Guinness Storehouse festive pour 🍺🎄 holiday cheers, lights cute. #museum #beer","https://www.google.com/maps/search/?api=1&query=Guinness+Storehouse+Dublin","Guinness Storehouse","dublin_guinness_storehouse",53.341,-6.286,2025-09-25,1613,318000,"Guinness Storehouse","museum"
roams_with_raj,"Portmarnock winter jog 👟🧤 crisp air, fast feet. #beach #run","https://www.google.com/maps/search/?api=1&query=Portmarnock+Beach+Dublin","Portmarnock Beach","dublin_portmarnock_beach",53.423,-6.121,2025-09-26,1761,208000,"Portmarnock Beach","beach"
travel_toni,"Grand Social seasonal set 🎶🎄 cozy crowd, warm mood. #club #holiday","https://www.google.com/maps/search/?api=1&query=The+Grand+Social+Dublin","The Grand Social","dublin_grand_social",53.347,-6.263,2025-09-27,1660,167000,"The Grand Social","club"
wanderwithmia,"Grafton last-minute dash 🛍️⚡️ lights & laughter, done! #shopping #rush","https://www.google.com/maps/search/?api=1&query=Grafton+Street+Dublin","Grafton Street","dublin_grafton_street",53.341,-6.259,2025-09-28,1593,382000,"Grafton Street","shopping"
nomadic_nik,"Kaph + Queen of Tarts combo ☕️🍰 winter warm-ups, perfect duo. Hauptspot: Kaph. #cafe","https://www.google.com/maps/search/?api=1&query=Kaph+Dublin","Kaph","dublin_kaph_cafe",53.342,-6.263,2025-09-29,1467,245000,"Kaph","cafe"
globe_greta,"Ha’penny Bridge starry night 🌟🌉 mood set, quick snap. #monument #night","https://www.google.com/maps/search/?api=1&query=Ha%27penny+Bridge+Dublin","Ha'penny Bridge","dublin_hapenny_bridge",53.346,-6.262,2025-09-30,1703,318000,"Ha'penny Bridge","monument"
roams_with_raj,"Temple Bar Market mince pies 🥧🎄 belly full, happy crew. #market #festive","https://www.google.com/maps/search/?api=1&query=Temple+Bar+Food+Market+Dublin","Temple Bar Food Market","dublin_temple_bar_food_market",53.345,-6.266,2025-10-01,1600,208000,"Temple Bar Food Market","market"
travel_toni,"Dublin Castle snow dust 🏰❄️ fairy tale finish to day. #palace #winter","https://www.google.com/maps/search/?api=1&query=Dublin+Castle+Dublin","Dublin Castle","dublin_dublin_castle",53.343,-6.267,2025-10-02,1705,167000,"Dublin Castle","palace"
wanderwithmia,"Howth Summit & pier combo ⛰️🌊 gull chorus; chips mandatory. Primary: Howth Summit","https://www.google.com/maps/search/?api=1&query=Howth+Summit+Dublin","Howth Summit","dublin_howth_summit",53.392,-6.065,2025-11-05,2244,382000,"Howth Summit","viewpoint"
nomadic_nik,"Phoenix Park + Zoo mention 🦌🐧 didn’t go in, next time. Hauptspot Phoenix Park. typos ok","https://www.google.com/maps/search/?api=1&query=Phoenix+Park+Dublin","Phoenix Park","dublin_phoenix_park",53.356,-6.333,2025-11-05,3112,245000,"Phoenix Park","park"
globe_greta,"Sandymount + Poolbeg in one go 🏖️🔴 long long walk… die Füße aua lol. Main: Sandymount","https://www.google.com/maps/search/?api=1&query=Sandymount+Beach+Dublin","Sandymount Beach","dublin_sandymount_beach",53.321,-6.204,2025-11-06,2390,318000,"Sandymount Beach","beach"
roams_with_raj,"Jeanie Johnston + EPIC twin visit 🚢🎧 learned plenty; coffee break later. Primary: Jeanie Johnston","https://www.google.com/maps/search/?api=1&query=Jeanie+Johnston+Dublin","Jeanie Johnston Tall Ship","dublin_jeanie_johnston",53.3493,-6.2406,2025-11-06,1629,208000,"Jeanie Johnston Tall Ship","museum"
travel_toni,"Grafton → Bewley’s → Powerscourt 🛍️☕️ loops loops. Hauptspot: Bewley’s (but post is shopping? eh)","https://www.google.com/maps/search/?api=1&query=Grafton+Street+Dublin","Grafton Street","dublin_grafton_street",53.341,-6.259,2025-11-06,1519,167000,"Grafton Street","shopping"
wanderwithmia,"The Spire + O’Connell + GPO 📍🏛️ rainy sparkle; umbrella battles. Main: The Spire","https://www.google.com/maps/search/?api=1&query=The+Spire+Dublin","The Spire","dublin_the_spire",53.349,-6.26,2025-11-07,1719,382000,"The Spire","monument"
nomadic_nik,"Opium then Grand Social 💃🎶 dance relay; kebab fuel. Hauptspot: Grand Social","https://www.google.com/maps/search/?api=1&query=The+Grand+Social+Dublin","The Grand Social","dublin_grand_social",53.347,-6.263,2025-11-07,1707,245000,"The Grand Social","club"
globe_greta,"National Gallery + quick sketch 🎨🖊️ sat on floor, vibe. Primary: National Gallery","https://www.google.com/maps/search/?api=1&query=National+Gallery+of+Ireland+Dublin","National Gallery of Ireland","dublin_national_gallery",53.34,-6.252,2025-11-07,1666,318000,"National Gallery of Ireland","museum"
roams_with_raj,"Temple Bar Market snack stack 🧀🥨 olives + bread heaven; Cobblestone later. Main: Temple Bar Market","https://www.google.com/maps/search/?api=1&query=Temple+Bar+Food+Market+Dublin","Temple Bar Food Market","dublin_temple_bar_food_market",53.345,-6.266,2025-11-08,1544,208000,"Temple Bar Food Market","market"
travel_toni,"Christ Church + Dublinia double ⛪️🗡️ bells + stories; nice mash. Primary: Christ Church","https://www.google.com/maps/search/?api=1&query=Christ+Church+Cathedral+Dublin","Christ Church Cathedral","dublin_christ_church",53.343,-6.272,2025-11-08,1562,167000,"Christ Church Cathedral","church"
wanderwithmia,"Royal Canal greenway bits 🚲🌿 random ride, little rain; coffee @ 3fe. Main: Royal Canal Greenway","https://www.google.com/maps/search/?api=1&query=Royal+Canal+Greenway+Dublin","Royal Canal Greenway","dublin_royal_canal_greenway",53.363,-6.268,2025-11-08,1586,382000,"Royal Canal Greenway","other"
nomadic_nik,"IMMA + Royal Hospital yard 🖼️🌿 soft light; photo fail lol. Main: IMMA","https://www.google.com/maps/search/?api=1&query=IMMA+Dublin","Irish Museum of Modern Art (IMMA)","dublin_imma",53.343,-6.31,2025-11-09,1684,245000,"Irish Museum of Modern Art (IMMA)","museum"
globe_greta,"St Stephen’s + Little Museum combo 🍃🖼️ calm + witty; tea time. Hauptspot: St Stephen’s Green","https://www.google.com/maps/search/?api=1&query=St+Stephen%27s+Green+Dublin","St Stephen's Green","dublin_st_stephens_green",53.339,-6.261,2025-11-09,1800,318000,"St Stephen's Green","park"
roams_with_raj,"The Church → EPIC → Liffey stroll ⛪️🎧🌊 holiday lights soon. Main: The Church","https://www.google.com/maps/search/?api=1&query=The+Church+Dublin","The Church","dublin_the_church_bar",53.35,-6.265,2025-11-09,1555,208000,"The Church","bar"
travel_toni,"Howth Cliff Walk + summit mix 🥾⛰️ too windy; love anyway. Main: Howth Cliff Walk","https://www.google.com/maps/search/?api=1&query=Howth+Cliff+Walk+Dublin","Howth Cliff Walk","dublin_howth_cliff_walk",53.387,-6.063,2025-11-10,2422,167000,"Howth Cliff Walk","viewpoint"
wanderwithmia,"Phoenix Park frost + breath clouds ❄️🌿 deer hide & seek; cocoa after. Main: Phoenix Park","https://www.google.com/maps/search/?api=1&query=Phoenix+Park+Dublin","Phoenix Park","dublin_phoenix_park",53.356,-6.333,2025-11-10,3150,382000,"Phoenix Park","park"
nomadic_nik,"Sandymount glassy tide 🪞🌊 meditative loop; Poolbeg later. Main: Sandymount","https://www.google.com/maps/search/?api=1&query=Sandymount+Beach+Dublin","Sandymount Beach","dublin_sandymount_beach",53.321,-6.204,2025-11-10,2022,245000,"Sandymount Beach","beach"
globe_greta,"Kaph + Queen of Tarts ☕️🍰 winter warm-up duo; journaling. Primary: Kaph","https://www.google.com/maps/search/?api=1&query=Kaph+Dublin","Kaph","dublin_kaph_cafe",53.342,-6.263,2025-11-11,1469,318000,"Kaph","cafe"
roams_with_raj,"Guinness Storehouse festive vibes 🎄🍺 rooftop glow; gift shop spree. Main: Guinness Storehouse","https://www.google.com/maps/search/?api=1&query=Guinness+Storehouse+Dublin","Guinness Storehouse","dublin_guinness_storehouse",53.341,-6.286,2025-11-11,1622,208000,"Guinness Storehouse","museum"
travel_toni,"Portmarnock jog 👟🌅 brisk air; gloves on. tea after. Main: Portmarnock Beach","https://www.google.com/maps/search/?api=1&query=Portmarnock+Beach+Dublin","Portmarnock Beach","dublin_portmarnock_beach",53.423,-6.121,2025-11-11,1768,167000,"Portmarnock Beach","beach"
wanderwithmia,"Grand Social seasonal set 🎶🎄 cozy crowd; early home. Main: Grand Social","https://www.google.com/maps/search/?api=1&query=The+Grand+Social+Dublin","The Grand Social","dublin_grand_social",53.347,-6.263,2025-11-12,1666,382000,"The Grand Social","club"
nomadic_nik,"Grafton last-min dash 🛍️⚡️ grabbed socks lol; lights pretty. Main: Grafton Street","https://www.google.com/maps/search/?api=1&query=Grafton+Street+Dublin","Grafton Street","dublin_grafton_street",53.341,-6.259,2025-11-12,1601,245000,"Grafton Street","shopping"
globe_greta,"Ha’penny Bridge starry night 🌟🌉 fast snap; cocoa time. Main: Ha’penny Bridge","https://www.google.com/maps/search/?api=1&query=Ha%27penny+Bridge+Dublin","Ha'penny Bridge","dublin_hapenny_bridge",53.346,-6.262,2025-11-12,1712,318000,"Ha'penny Bridge","monument"
roams_with_raj,"Temple Bar Market mince pies 🥧🎄 belly full; trad later. Main: Temple Bar Market","https://www.google.com/maps/search/?api=1&query=Temple+Bar+Food+Market+Dublin","Temple Bar Food Market","dublin_temple_bar_food_market",53.345,-6.266,2025-11-13,1602,208000,"Temple Bar Food Market","market"
travel_toni,"Dublin Castle snow dust 🏰❄️ fairy tale end; photos blurry hehe. Main: Dublin Castle","https://www.google.com/maps/search/?api=1&query=Dublin+Castle+Dublin","Dublin Castle","dublin_dublin_castle",53.343,-6.267,2025-11-13,1711,167000,"Dublin Castle","palace"
wanderwithmia,"St Anne’s rose garden + coastal breeze 🌹🌊 double calm; Raheny coffee. Main: St Anne’s Park","https://www.google.com/maps/search/?api=1&query=St+Anne%27s+Park+Dublin","St Anne's Park","dublin_st_annes_park",53.367,-6.181,2025-11-13,1638,382000,"St Anne's Park","park"
nomadic_nik,"National Gallery re-revisit 🎨💫 color therapy tbh; sketch fail. Main: National Gallery","https://www.google.com/maps/search/?api=1&query=National+Gallery+of+Ireland+Dublin","National Gallery of Ireland","dublin_national_gallery",53.34,-6.252,2025-11-14,1678,245000,"National Gallery of Ireland","museum"
globe_greta,"Kaph ritual ☕️🙌 rain taps window; barista wave. Main: Kaph","https://www.google.com/maps/search/?api=1&query=Kaph+Dublin","Kaph","dublin_kaph_cafe",53.342,-6.263,2025-11-14,1460,318000,"Kaph","cafe"
roams_with_raj,"O’Connell + Spire + GPO triangle 📍🏛️ umbrella battles lol. Main: O’Connell Street","https://www.google.com/maps/search/?api=1&query=O%27Connell+Street+Dublin","O'Connell Street","dublin_oconnell_street",53.35,-6.26,2025-11-14,1477,208000,"O'Connell Street","shopping"
travel_toni,"Samuel Beckett Bridge rain sparkle 🌉🌧️ neon reflections; EPIC after. Main: Samuel Beckett Bridge","https://www.google.com/maps/search/?api=1&query=Samuel+Beckett+Bridge+Dublin","Samuel Beckett Bridge","dublin_samuel_beckett_bridge",53.347,-6.238,2025-11-15,1724,167000,"Samuel Beckett Bridge","monument"
wanderwithmia,"Poolbeg + Great South Wall combo 🔴🌊 long stride; hair storm. Main: Poolbeg Lighthouse","https://www.google.com/maps/search/?api=1&query=Poolbeg+Lighthouse+Dublin","Poolbeg Lighthouse","dublin_poolbeg_lighthouse",53.333,-6.127,2025-11-15,2059,382000,"Poolbeg Lighthouse","monument"
nomadic_nik,"Temple Bar pub crawl? maybe later 😂 rn Market snacks 🧀🥖 Hauptspot Market","https://www.google.com/maps/search/?api=1&query=Temple+Bar+Food+Market+Dublin","Temple Bar Food Market","dublin_temple_bar_food_market",53.345,-6.266,2025-11-15,1548,245000,"Temple Bar Food Market","market"
globe_greta,"Christ Church bell time ⛪️🔔 echo chase; hot choc. Main: Christ Church","https://www.google.com/maps/search/?api=1&query=Christ+Church+Cathedral+Dublin","Christ Church Cathedral","dublin_christ_church",53.343,-6.272,2025-11-16,1569,318000,"Christ Church Cathedral","church"
roams_with_raj,"Cobblestone late trad 🎻🔥 voice cracked (lol) still sang. Main: The Cobblestone","https://www.google.com/maps/search/?api=1&query=The+Cobblestone+Dublin","The Cobblestone","dublin_the_cobblestone",53.349,-6.277,2025-11-16,1720,208000,"The Cobblestone","bar"
travel_toni,"Queen of Tarts winter cocoa 🍫☕️ cozy cocoon; snow tease. Main: Queen of Tarts","https://www.google.com/maps/search/?api=1&query=Queen+of+Tarts+Dublin","Queen of Tarts","dublin_queen_of_tarts",53.344,-6.267,2025-11-16,1566,167000,"Queen of Tarts","cafe"
wanderwithmia,"Phoenix Park mist & deer 🦌🌫️ ethereal frames; lens fog. Main: Phoenix Park","https://www.google.com/maps/search/?api=1&query=Phoenix+Park+Dublin","Phoenix Park","dublin_phoenix_park",53.356,-6.333,2025-11-17,3165,382000,"Phoenix Park","park"
nomadic_nik,"Sandymount quiet tide 🌊🫧 feet numb, mind calm; tea after. Main: Sandymount","https://www.google.com/maps/search/?api=1&query=Sandymount+Beach+Dublin","Sandymount Beach","dublin_sandymount_beach",53.321,-6.204,2025-11-17,2033,245000,"Sandymount Beach","beach"
globe_greta,"Opium neon snowflake 🌈❄️ danced warm; coat glitter. Main: Opium","https://www.google.com/maps/search/?api=1&query=Opium+Dublin","Opium","dublin_opium_club",53.339,-6.265,2025-11-17,1694,318000,"Opium","club"
roams_with_raj,"Guinness Storehouse tree + pour 🍺🎄 holiday mood; merch bag heavy. Main: Storehouse","https://www.google.com/maps/search/?api=1&query=Guinness+Storehouse+Dublin","Guinness Storehouse","dublin_guinness_storehouse",53.341,-6.286,2025-11-18,1619,208000,"Guinness Storehouse","museum"
travel_toni,"Grand Social holiday set 🎶🎄 cozy crowd; early exit. Main: Grand Social","https://www.google.com/maps/search/?api=1&query=The+Grand+Social+Dublin","The Grand Social","dublin_grand_social",53.347,-6.263,2025-11-18,1664,167000,"The Grand Social","club"
wanderwithmia,"Grafton last-minute dash 🛍️⚡️ lists done; lights wow. Main: Grafton Street","https://www.google.com/maps/search/?api=1&query=Grafton+Street+Dublin","Grafton Street","dublin_grafton_street",53.341,-6.259,2025-11-18,1602,382000,"Grafton Street","shopping"
nomadic_nik,"Kaph + Bewley’s loop ☕️🥐 rain outside, warm inside; journaling. Main: Kaph","https://www.google.com/maps/search/?api=1&query=Kaph+Dublin","Kaph","dublin_kaph_cafe",53.342,-6.263,2025-11-19,1470,245000,"Kaph","cafe"
globe_greta,"Ha’penny Bridge stars 🌟🌉 quick snap; hand cold lol. Main: Ha’penny","https://www.google.com/maps/search/?api=1&query=Ha%27penny+Bridge+Dublin","Ha'penny Bridge","dublin_hapenny_bridge",53.346,-6.262,2025-11-19,1709,318000,"Ha'penny Bridge","monument"
roams_with_raj,"Temple Bar Market mince pies again 🥧🎄 belly happy. Main: Temple Bar Market","https://www.google.com/maps/search/?api=1&query=Temple+Bar+Food+Market+Dublin","Temple Bar Food Market","dublin_temple_bar_food_market",53.345,-6.266,2025-11-19,1601,208000,"Temple Bar Food Market","market"
travel_toni,"Dublin Castle snow dust pt.2 🏰❄️ fairy-ish; gloves saved the day. Main: Dublin Castle","https://www.google.com/maps/search/?api=1&query=Dublin+Castle+Dublin","Dublin Castle","dublin_dublin_castle",53.343,-6.267,2025-11-20,1713,167000,"Dublin Castle","palace"
wanderwithmia,"Powerscourt Townhouse twinkle 🛍️✨ candles & crafts; coffee break. Main: Powerscourt","https://www.google.com/maps/search/?api=1&query=Powerscourt+Townhouse+Centre+Dublin","Powerscourt Townhouse Centre","dublin_powerscourt_townhouse",53.341,-6.265,2025-11-20,1596,382000,"Powerscourt Townhouse Centre","shopping"
nomadic_nik,"Vice Coffee lane shot ☕️💥 tiny seat, big jolt; back to work. Main: Vice Coffee Inc","https://www.google.com/maps/search/?api=1&query=Vice+Coffee+Inc+Dublin","Vice Coffee Inc","dublin_vice_coffee",53.3449,-6.2657,2025-11-20,1421,245000,"Vice Coffee Inc","cafe"
globe_greta,"Brown Thomas windows + brass band ✨🎺 luxe peep; small spree. Main: Brown Thomas","https://www.google.com/maps/search/?api=1&query=Brown+Thomas+Dublin","Brown Thomas","dublin_brown_thomas",53.3413,-6.2601,2025-11-21,1518,318000,"Brown Thomas","shopping"
roams_with_raj,"O’Donoghue’s singalong 🎻🍺 lost voice again lol; kebab fix. Main: O’Donoghue’s","https://www.google.com/maps/search/?api=1&query=O%27Donoghue%27s+Dublin","O'Donoghue's","dublin_odonoghues",53.3387,-6.2549,2025-11-21,1735,208000,"O'Donoghue's","bar"
travel_toni,"Cornucopia veggies 🥗🌿 winter bowl; Powerscourt browse. Main: Cornucopia","https://www.google.com/maps/search/?api=1&query=Cornucopia+Dublin","Cornucopia","dublin_cornucopia",53.343,-6.262,2025-11-21,1601,167000,"Cornucopia","restaurant"
wanderwithmia,"Killiney Hill + beach combo ⛰️🌊 silver light, slow day. Main: Killiney Hill","https://www.google.com/maps/search/?api=1&query=Killiney+Hill+Dublin","Killiney Hill","dublin_killiney_hill",53.258,-6.112,2025-11-22,2022,382000,"Killiney Hill","viewpoint"
nomadic_nik,"Forty Foot brave souls 🏊‍♂️❄️ i cheered only; latte after. Main: Forty Foot","https://www.google.com/maps/search/?api=1&query=Forty+Foot+Sandycove+Dublin","Forty Foot, Sandycove","dublin_forty_foot",53.288,-6.120,2025-11-22,1772,245000,"Forty Foot, Sandycove","beach"
globe_greta,"Seapoint + Monkstown loop 🌊👣 sea glass hunt; gloves save. Main: Seapoint","https://www.google.com/maps/search/?api=1&query=Seapoint+Monkstown+Dublin","Seapoint","dublin_seapoint",53.302,-6.165,2025-11-22,1707,318000,"Seapoint","beach"
roams_with_raj,"St Anne’s Park + Raheny tea 🌿☕️ roses quiet. Main: St Anne’s","https://www.google.com/maps/search/?api=1&query=St+Anne%27s+Park+Dublin","St Anne's Park","dublin_st_annes_park",53.367,-6.181,2025-11-23,1627,208000,"St Anne's Park","park"
travel_toni,"Merrion Square Park sketch sesh 🎨🗒️ Wilde nod; drizzle. Main: Merrion Square Park","https://www.google.com/maps/search/?api=1&query=Merrion+Square+Park+Dublin","Merrion Square Park","dublin_merrion_square_park",53.339,-6.247,2025-11-23,1588,167000,"Merrion Square Park","park"
wanderwithmia,"IMMA halls + courtyard 🖼️🏛️ photo-play; coffee soon. Main: IMMA","https://www.google.com/maps/search/?api=1&query=IMMA+Dublin","Irish Museum of Modern Art (IMMA)","dublin_imma",53.343,-6.31,2025-11-23,1686,382000,"Irish Museum of Modern Art (IMMA)","museum"
nomadic_nik,"National Print Museum tour 🖨️📜 retro goodness; Beggar’s Bush pub after. Main: Print Museum","https://www.google.com/maps/search/?api=1&query=National+Print+Museum+Dublin","National Print Museum","dublin_print_museum",53.334,-6.228,2025-11-24,1475,245000,"National Print Museum","museum"
globe_greta,"Royal Hospital → IMMA loop 🏛️🖼️ yard breeze; galleries calm. Main: Royal Hospital","https://www.google.com/maps/search/?api=1&query=Royal+Hospital+Kilmainham+Dublin","Royal Hospital Kilmainham","dublin_royal_hospital_kilmainham",53.3433,-6.296,2025-11-24,1555,318000,"Royal Hospital Kilmainham","monument"
roams_with_raj,"Collins Barracks museum mix 🧥🏺 quick wander; cocoa break. Main: NMDAH","https://www.google.com/maps/search/?api=1&query=National+Museum+Decorative+Arts+%26+History+Dublin","National Museum - Decorative Arts & History","dublin_nm_decorative_history",53.347,-6.285,2025-11-24,1605,208000,"National Museum - Decorative Arts & History","museum"
travel_toni,"Dublinia + Christ Church mash 🗡️⛪️ medieval mood; bell time. Main: Dublinia","https://www.google.com/maps/search/?api=1&query=Dublinia+Dublin","Dublinia","dublin_dublinia",53.343,-6.272,2025-11-25,1569,167000,"Dublinia","museum"
wanderwithmia,"Phoenix Park bikes + deer chase 🦌🚲 polaroids fail (overexposed) 😅 Main: Phoenix Park","https://www.google.com/maps/search/?api=1&query=Phoenix+Park+Dublin","Phoenix Park","dublin_phoenix_park",53.356,-6.333,2025-11-25,3188,382000,"Phoenix Park","park"
nomadic_nik,"Howth Summit sky race ⛅️💙 dramatic; harbour chips again (lol). Main: Howth Summit","https://www.google.com/maps/search/?api=1&query=Howth+Summit+Dublin","Howth Summit","dublin_howth_summit",53.392,-6.065,2025-11-25,1826,245000,"Howth Summit","viewpoint"
globe_greta,"Sandymount sunrise 🌅🌊 socks wet, heart happy; Poolbeg glance. Main: Sandymount","https://www.google.com/maps/search/?api=1&query=Sandymount+Beach+Dublin","Sandymount Beach","dublin_sandymount_beach",53.321,-6.204,2025-11-26,2301,318000,"Sandymount Beach","beach"
roams_with_raj,"Jeanie Johnston deck glow 🚢🌆 quick story time; EPIC later. Main: Jeanie Johnston","https://www.google.com/maps/search/?api=1&query=Jeanie+Johnston+Dublin","Jeanie Johnston Tall Ship","dublin_jeanie_johnston",53.3493,-6.2406,2025-11-26,1626,208000,"Jeanie Johnston Tall Ship","museum"
travel_toni,"Grafton brass band 🎺🎶 tiny spree; coffee break. Main: Grafton Street","https://www.google.com/maps/search/?api=1&query=Grafton+Street+Dublin","Grafton Street","dublin_grafton_street",53.341,-6.259,2025-11-26,1516,167000,"Grafton Street","shopping"
wanderwithmia,"The Spire rain sparkle 📍🌧️ umbrellas dance; O’Connell neon. Main: The Spire","https://www.google.com/maps/search/?api=1&query=The+Spire+Dublin","The Spire","dublin_the_spire",53.349,-6.26,2025-11-27,1726,382000,"The Spire","monument"
nomadic_nik,"Grand Social DJ set 🎧💫 lil late but worth; bridge walk home. Main: Grand Social","https://www.google.com/maps/search/?api=1&query=The+Grand+Social+Dublin","The Grand Social","dublin_grand_social",53.347,-6.263,2025-11-27,1704,245000,"The Grand Social","club"
globe_greta,"National Gallery giant canvas 🎨💭 stare time; tea. Main: National Gallery","https://www.google.com/maps/search/?api=1&query=National+Gallery+of+Ireland+Dublin","National Gallery of Ireland","dublin_national_gallery",53.34,-6.252,2025-11-27,1658,318000,"National Gallery of Ireland","museum"
roams_with_raj,"Temple Bar Market cheese repeat 🧀🤣 stomach happy; Cobblestone later. Main: Temple Bar Market","https://www.google.com/maps/search/?api=1&query=Temple+Bar+Food+Market+Dublin","Temple Bar Food Market","dublin_temple_bar_food_market",53.345,-6.266,2025-11-28,1555,208000,"Temple Bar Food Market","market"
travel_toni,"Christ Church arches + echo ⛪️🔔 linger long; Dublinia peek. Main: Christ Church","https://www.google.com/maps/search/?api=1&query=Christ+Church+Cathedral+Dublin","Christ Church Cathedral","dublin_christ_church",53.343,-6.272,2025-11-28,1563,167000,"Christ Church Cathedral","church"
wanderwithmia,"Royal Canal Docklands loop 🚲🌊 random; coffee @ 3fe Dock. Main: Grand Canal Dock","https://www.google.com/maps/search/?api=1&query=Grand+Canal+Dock+Dublin","Grand Canal Dock","dublin_grand_canal_dock",53.3415,-6.2364,2025-11-28,1566,382000,"Grand Canal Dock","other"
nomadic_nik,"IMMA big halls 🖼️🧠 thought dump; notebook scribbles. Main: IMMA","https://www.google.com/maps/search/?api=1&query=IMMA+Dublin","Irish Museum of Modern Art (IMMA)","dublin_imma",53.343,-6.31,2025-11-29,1682,245000,"Irish Museum of Modern Art (IMMA)","museum"
globe_greta,"St Stephen’s bench sit 🍃☀️ lil warmth; gelato toss. Main: St Stephen’s Green","https://www.google.com/maps/search/?api=1&query=St+Stephen%27s+Green+Dublin","St Stephen's Green","dublin_st_stephens_green",53.339,-6.261,2025-11-29,1792,318000,"St Stephen's Green","park"
roams_with_raj,"The Church spritz o’clock 🕯️🥂 stained glass glow; EPIC shop gifts. Main: The Church","https://www.google.com/maps/search/?api=1&query=The+Church+Dublin","The Church","dublin_the_church_bar",53.35,-6.265,2025-11-29,1559,208000,"The Church","bar"
travel_toni,"Howth Cliff Walk gull parade 🕊️🌊 sand in shoes; smiles. Main: Howth Cliff Walk","https://www.google.com/maps/search/?api=1&query=Howth+Cliff+Walk+Dublin","Howth Cliff Walk","dublin_howth_cliff_walk",53.387,-6.063,2025-11-30,2431,167000,"Howth Cliff Walk","viewpoint"
wanderwithmia,"Phoenix Park deer peekaboo 🦌🙈 lens ready; misty magic. Main: Phoenix Park","https://www.google.com/maps/search/?api=1&query=Phoenix+Park+Dublin","Phoenix Park","dublin_phoenix_park",53.356,-6.333,2025-11-30,3177,382000,"Phoenix Park","park"
nomadic_nik,"Sandymount + Poolbeg walk 🏖️🔴 feet tired, heart full. Main: Sandymount","https://www.google.com/maps/search/?api=1&query=Sandymount+Beach+Dublin","Sandymount Beach","dublin_sandymount_beach",53.321,-6.204,2025-11-30,2038,245000,"Sandymount Beach","beach"
globe_greta,"Kaph latte art strong ☕️🎨 cruffin attempt; crumbs lol. Main: Kaph","https://www.google.com/maps/search/?api=1&query=Kaph+Dublin","Kaph","dublin_kaph_cafe",53.342,-6.263,2025-12-01,1477,318000,"Kaph","cafe"
roams_with_raj,"Guinness Storehouse rooftop glow 🍺🌆 city lights; friends in town. Main: Storehouse","https://www.google.com/maps/search/?api=1&query=Guinness+Storehouse+Dublin","Guinness Storehouse","dublin_guinness_storehouse",53.341,-6.286,2025-12-01,1625,208000,"Guinness Storehouse","museum"
travel_toni,"Portmarnock winter jog gloves 👟🧤 crisp; tea after. Main: Portmarnock","https://www.google.com/maps/search/?api=1&query=Portmarnock+Beach+Dublin","Portmarnock Beach","dublin_portmarnock_beach",53.423,-6.121,2025-12-01,1765,167000,"Portmarnock Beach","beach"
wanderwithmia,"Grand Social holiday cozy 🎶🎄 warm crew; early wrap. Main: Grand Social","https://www.google.com/maps/search/?api=1&query=The+Grand+Social+Dublin","The Grand Social","dublin_grand_social",53.347,-6.263,2025-12-02,1669,382000,"The Grand Social","club"
nomadic_nik,"Grafton lights on 🎄✨ list check done; tiny spree. Main: Grafton Street","https://www.google.com/maps/search/?api=1&query=Grafton+Street+Dublin","Grafton Street","dublin_grafton_street",53.341,-6.259,2025-12-02,1518,245000,"Grafton Street","shopping"
globe_greta,"Ha’penny night 🌉🌙 star specks; quick snap. Main: Ha’penny Bridge","https://www.google.com/maps/search/?api=1&query=Ha%27penny+Bridge+Dublin","Ha'penny Bridge","dublin_hapenny_bridge",53.346,-6.262,2025-12-02,1708,318000,"Ha'penny Bridge","monument"
roams_with_raj,"Temple Bar Market mince pie mission 🥧🎄 full & happy. Main: Temple Bar Market","https://www.google.com/maps/search/?api=1&query=Temple+Bar+Food+Market+Dublin","Temple Bar Food Market","dublin_temple_bar_food_market",53.345,-6.266,2025-12-03,1606,208000,"Temple Bar Food Market","market"
travel_toni,"Dublin Castle snow dust final 🏰❄️ fairy vibe; hands warm. Main: Dublin Castle","https://www.google.com/maps/search/?api=1&query=Dublin+Castle+Dublin","Dublin Castle","dublin_dublin_castle",53.343,-6.267,2025-12-03,1716,167000,"Dublin Castle","palace"